name,batchsize,time_ns_total
Ethernet1-output,1,318.03
Ethernet1-output,2,321.52
Ethernet1-output,3,336.37
Ethernet1-output,4,326.05
Ethernet1-output,5,321.2
Ethernet1-output,6,340.91
Ethernet1-output,7,336.73
Ethernet1-output,8,325.45
Ethernet1-output,9,349.36
Ethernet1-output,10,372.59
Ethernet1-output,11,345.5
Ethernet1-output,12,380.35
Ethernet1-output,13,397.68
Ethernet1-output,14,393.08
Ethernet1-output,15,414.07
Ethernet1-output,16,401.96
Ethernet1-output,17,409.78
Ethernet1-output,18,432.82
Ethernet1-output,19,396.41
Ethernet1-output,20,410.64
Ethernet1-output,21,402.82
Ethernet1-output,22,450.7
Ethernet1-output,23,442.54
Ethernet1-output,24,415.31
Ethernet1-output,25,460.57
Ethernet1-output,26,459.37
Ethernet1-output,27,456.18
Ethernet1-output,28,461.11
Ethernet1-output,29,473.23
Ethernet1-output,30,489.55
Ethernet1-output,31,479.51
Ethernet1-output,32,482.47
Ethernet1-output,33,491.55
Ethernet1-output,34,491.92
Ethernet1-output,35,503.84
Ethernet1-output,36,485.51
Ethernet1-output,37,516.82
Ethernet1-output,38,488.82
Ethernet1-output,39,520.65
Ethernet1-output,40,507.82
Ethernet1-output,41,526.85
Ethernet1-output,42,568.34
Ethernet1-output,43,522.45
Ethernet1-output,44,576.0
Ethernet1-output,45,578.86
Ethernet1-output,46,535.9
Ethernet1-output,47,563.36
Ethernet1-output,48,582.55
Ethernet1-output,49,615.4
Ethernet1-output,50,606.14
Ethernet1-output,51,585.8
Ethernet1-output,52,616.2
Ethernet1-output,53,567.82
Ethernet1-output,54,594.0
Ethernet1-output,55,631.75
Ethernet1-output,56,654.18
Ethernet1-output,57,639.95
Ethernet1-output,58,630.09
Ethernet1-output,59,651.68
Ethernet1-output,60,645.55
Ethernet1-output,61,650.76
Ethernet1-output,62,628.45
Ethernet1-output,63,652.05
Ethernet1-output,64,704.87
Ethernet1-output,65,652.95
Ethernet1-output,66,644.1
Ethernet1-output,67,699.54
Ethernet1-output,68,666.71
Ethernet1-output,69,699.41
Ethernet1-output,70,728.64
Ethernet1-output,71,685.15
Ethernet1-output,72,689.56
Ethernet1-output,73,721.04
Ethernet1-output,74,742.35
Ethernet1-output,75,705.68
Ethernet1-output,76,729.95
Ethernet1-output,77,710.5
Ethernet1-output,78,777.52
Ethernet1-output,79,724.29
Ethernet1-output,80,705.45
Ethernet1-output,81,731.58
Ethernet1-output,82,731.66
Ethernet1-output,83,740.59
Ethernet1-output,84,781.58
Ethernet1-output,85,757.27
Ethernet1-output,86,808.01
Ethernet1-output,87,789.72
Ethernet1-output,88,753.2
Ethernet1-output,89,796.95
Ethernet1-output,90,793.64
Ethernet1-output,91,824.38
Ethernet1-output,92,772.38
Ethernet1-output,93,791.77
Ethernet1-output,94,759.26
Ethernet1-output,95,843.34
Ethernet1-output,96,858.33
Ethernet1-output,97,805.54
Ethernet1-output,98,778.21
Ethernet1-output,99,796.5
Ethernet1-output,100,875.91
Ethernet1-output,101,818.56
Ethernet1-output,102,851.7
Ethernet1-output,103,791.23
Ethernet1-output,104,852.33
Ethernet1-output,105,873.41
Ethernet1-output,106,886.55
Ethernet1-output,107,857.46
Ethernet1-output,108,857.62
Ethernet1-output,109,901.73
Ethernet1-output,110,873.5
Ethernet1-output,111,839.06
Ethernet1-output,112,896.0
Ethernet1-output,113,873.18
Ethernet1-output,114,920.81
Ethernet1-output,115,895.43
Ethernet1-output,116,938.55
Ethernet1-output,117,886.54
Ethernet1-output,118,956.34
Ethernet1-output,119,910.35
Ethernet1-output,120,914.73
Ethernet1-output,121,894.85
Ethernet1-output,122,902.25
Ethernet1-output,123,924.18
Ethernet1-output,124,933.95
Ethernet1-output,125,918.75
Ethernet1-output,126,940.99
Ethernet1-output,127,956.54
Ethernet1-output,128,936.73
Ethernet1-output,129,965.74
Ethernet1-output,130,969.09
Ethernet1-output,131,974.76
Ethernet1-output,132,916.2
Ethernet1-output,133,959.41
Ethernet1-output,134,927.65
Ethernet1-output,135,969.55
Ethernet1-output,136,960.04
Ethernet1-output,137,969.59
Ethernet1-output,138,1005.52
Ethernet1-output,139,971.1
Ethernet1-output,140,980.0
Ethernet1-output,141,965.85
Ethernet1-output,142,961.73
Ethernet1-output,143,981.5
Ethernet1-output,144,1032.22
Ethernet1-output,145,995.23
Ethernet1-output,146,988.82
Ethernet1-output,147,1033.68
Ethernet1-output,148,1022.55
Ethernet1-output,149,1040.97
Ethernet1-output,150,993.41
Ethernet1-output,151,1041.21
Ethernet1-output,152,1061.93
Ethernet1-output,153,1064.05
Ethernet1-output,154,1082.9
Ethernet1-output,155,1051.89
Ethernet1-output,156,1011.87
Ethernet1-output,157,1068.31
Ethernet1-output,158,1060.75
Ethernet1-output,159,1120.23
Ethernet1-output,160,1034.91
Ethernet1-output,161,1110.17
Ethernet1-output,162,1058.15
Ethernet1-output,163,1064.69
Ethernet1-output,164,1058.55
Ethernet1-output,165,1104.75
Ethernet1-output,166,1109.18
Ethernet1-output,167,1022.5
Ethernet1-output,168,1017.93
Ethernet1-output,169,1121.55
Ethernet1-output,170,1102.68
Ethernet1-output,171,1150.36
Ethernet1-output,172,1146.93
Ethernet1-output,173,1053.73
Ethernet1-output,174,1160.26
Ethernet1-output,175,1143.07
Ethernet1-output,176,1125.6
Ethernet1-output,177,1107.86
Ethernet1-output,178,1118.97
Ethernet1-output,179,1098.41
Ethernet1-output,180,1139.73
Ethernet1-output,181,1203.65
Ethernet1-output,182,1185.48
Ethernet1-output,183,1164.55
Ethernet1-output,184,1123.24
Ethernet1-output,185,1129.34
Ethernet1-output,186,1192.09
Ethernet1-output,187,1209.55
Ethernet1-output,188,1196.36
Ethernet1-output,189,1145.17
Ethernet1-output,190,1185.77
Ethernet1-output,191,1165.97
Ethernet1-output,192,1215.71
Ethernet1-output,193,1149.23
Ethernet1-output,194,1184.28
Ethernet1-output,195,1176.2
Ethernet1-output,196,1169.76
Ethernet1-output,197,1134.54
Ethernet1-output,198,1233.0
Ethernet1-output,199,1250.99
Ethernet1-output,200,1248.18
Ethernet1-output,201,1194.12
Ethernet1-output,202,1236.79
Ethernet1-output,203,1291.82
Ethernet1-output,204,1171.15
Ethernet1-output,205,1208.57
Ethernet1-output,206,1251.92
Ethernet1-output,207,1267.4
Ethernet1-output,208,1238.55
Ethernet1-output,209,1194.15
Ethernet1-output,210,1310.59
Ethernet1-output,211,1275.59
Ethernet1-output,212,1323.07
Ethernet1-output,213,1197.64
Ethernet1-output,214,1232.45
Ethernet1-output,215,1290.0
Ethernet1-output,216,1253.78
Ethernet1-output,217,1292.14
Ethernet1-output,218,1288.18
Ethernet1-output,219,1254.27
Ethernet1-output,220,1287.0
Ethernet1-output,221,1373.21
Ethernet1-output,222,1345.12
Ethernet1-output,223,1294.41
Ethernet1-output,224,1269.67
Ethernet1-output,225,1342.84
Ethernet1-output,226,1342.65
Ethernet1-output,227,1379.54
Ethernet1-output,228,1243.64
Ethernet1-output,229,1381.29
Ethernet1-output,230,1317.27
Ethernet1-output,231,1410.15
Ethernet1-output,232,1331.89
Ethernet1-output,233,1348.22
Ethernet1-output,234,1326.35
Ethernet1-output,235,1402.52
Ethernet1-output,236,1308.73
Ethernet1-output,237,1271.18
Ethernet1-output,238,1341.45
Ethernet1-output,239,1339.49
Ethernet1-output,240,1356.0
Ethernet1-output,241,1361.65
Ethernet1-output,242,1364.0
Ethernet1-output,243,1388.41
Ethernet1-output,244,1400.78
Ethernet1-output,245,1384.25
Ethernet1-output,246,1408.91
Ethernet1-output,247,1400.04
Ethernet1-output,248,1416.98
Ethernet1-output,249,1448.73
Ethernet1-output,250,1503.41
Ethernet1-output,251,1403.32
Ethernet1-output,252,1443.27
Ethernet1-output,253,1337.45
Ethernet1-output,254,1400.46
Ethernet1-output,255,1429.16
Ethernet1-output,256,1451.05
arp-input,1,283.49
arp-input,2,311.21
arp-input,3,308.18
arp-input,4,341.22
arp-input,5,369.7
arp-input,6,374.54
arp-input,7,415.77
arp-input,8,424.25
arp-input,9,470.45
arp-input,10,457.86
arp-input,11,502.35
arp-input,12,517.47
arp-input,13,566.86
arp-input,14,582.46
arp-input,15,622.3
arp-input,16,616.0
arp-input,17,639.05
arp-input,18,680.48
arp-input,19,689.79
arp-input,20,735.73
arp-input,21,711.8
arp-input,22,755.3
arp-input,23,753.77
arp-input,24,757.85
arp-input,25,795.11
arp-input,26,798.08
arp-input,27,854.55
arp-input,28,847.25
arp-input,29,894.12
arp-input,30,929.05
arp-input,31,943.67
arp-input,32,926.98
arp-input,33,1009.95
arp-input,34,995.27
arp-input,35,1034.57
arp-input,36,971.51
arp-input,37,1023.05
arp-input,38,1103.73
arp-input,39,1104.41
arp-input,40,1109.09
arp-input,41,1226.83
arp-input,42,1113.57
arp-input,43,1175.27
arp-input,44,1224.0
arp-input,45,1205.39
arp-input,46,1204.36
arp-input,47,1266.22
arp-input,48,1285.09
arp-input,49,1280.68
arp-input,50,1293.86
arp-input,51,1356.83
arp-input,52,1377.29
arp-input,53,1390.77
arp-input,54,1317.35
arp-input,55,1414.25
arp-input,56,1488.33
arp-input,57,1513.87
arp-input,58,1446.57
arp-input,59,1461.59
arp-input,60,1542.82
arp-input,61,1448.2
arp-input,62,1580.15
arp-input,63,1662.91
arp-input,64,1651.49
arp-input,65,1653.66
arp-input,66,1644.0
arp-input,67,1701.5
arp-input,68,1729.98
arp-input,69,1645.65
arp-input,70,1745.86
arp-input,71,1852.45
arp-input,72,1800.0
arp-input,73,1838.27
arp-input,74,1750.1
arp-input,75,1985.11
arp-input,76,1862.0
arp-input,77,1999.55
arp-input,78,1850.73
arp-input,79,2017.01
arp-input,80,1942.91
arp-input,81,1925.59
arp-input,82,2000.43
arp-input,83,1969.36
arp-input,84,2112.6
arp-input,85,2191.84
arp-input,86,2079.64
arp-input,87,1981.23
arp-input,88,2101.2
arp-input,89,2086.24
arp-input,90,2121.95
arp-input,91,2181.1
arp-input,92,2175.8
arp-input,93,2248.91
arp-input,94,2176.1
arp-input,95,2283.02
arp-input,96,2254.69
arp-input,97,2346.96
arp-input,98,2273.15
arp-input,99,2461.5
arp-input,100,2513.64
arp-input,101,2448.33
arp-input,102,2324.21
arp-input,103,2364.32
arp-input,104,2404.76
arp-input,105,2383.02
arp-input,106,2436.55
arp-input,107,2462.46
arp-input,108,2538.0
arp-input,109,2589.74
arp-input,110,2550.0
arp-input,111,2502.55
arp-input,112,2655.93
arp-input,113,2628.28
arp-input,114,2516.81
arp-input,115,2740.66
arp-input,116,2768.18
arp-input,117,2737.27
arp-input,118,2848.09
arp-input,119,2719.15
arp-input,120,2903.45
arp-input,121,2696.65
arp-input,122,2894.73
arp-input,123,2829.0
arp-input,124,2836.78
arp-input,125,2896.02
arp-input,126,3039.46
arp-input,127,3023.18
arp-input,128,2977.16
arp-input,129,3015.67
arp-input,130,2982.32
arp-input,131,3076.71
arp-input,132,2922.0
arp-input,133,2964.09
arp-input,134,3223.92
arp-input,135,3246.14
arp-input,136,3109.45
arp-input,137,3367.09
arp-input,138,3236.73
arp-input,139,3087.7
arp-input,140,3258.18
arp-input,141,3369.26
arp-input,142,3345.39
arp-input,143,3293.55
arp-input,144,3215.78
arp-input,145,3352.8
arp-input,146,3320.17
arp-input,147,3447.82
arp-input,148,3549.98
arp-input,149,3467.64
arp-input,150,3632.05
arp-input,151,3479.86
arp-input,152,3328.11
arp-input,153,3400.77
arp-input,154,3229.1
arp-input,155,3534.7
arp-input,156,3639.76
arp-input,157,3561.05
arp-input,158,3531.3
arp-input,159,3505.23
arp-input,160,3677.82
arp-input,161,3653.97
arp-input,162,3674.45
arp-input,163,3776.41
arp-input,164,3829.4
arp-input,165,3720.0
arp-input,166,3737.26
arp-input,167,3628.45
arp-input,168,3683.02
arp-input,169,3835.53
arp-input,170,3896.86
arp-input,171,3865.38
arp-input,172,4055.29
arp-input,173,4015.96
arp-input,174,3915.0
arp-input,175,3850.0
arp-input,176,4250.4
arp-input,177,4044.45
arp-input,178,3889.3
arp-input,179,3891.62
arp-input,180,4213.64
arp-input,181,4146.55
arp-input,182,3973.39
arp-input,183,3965.28
arp-input,184,4109.05
arp-input,185,3954.8
arp-input,186,3993.08
arp-input,187,4136.95
arp-input,188,4343.65
arp-input,189,4353.01
arp-input,190,4502.14
arp-input,191,4390.4
arp-input,192,4276.36
arp-input,193,4362.68
arp-input,194,4415.26
arp-input,195,4443.34
arp-input,196,4528.49
arp-input,197,4435.19
arp-input,198,4500.0
arp-input,199,4350.86
arp-input,200,4409.09
arp-input,201,4355.3
arp-input,202,4716.7
arp-input,203,4500.14
arp-input,204,4713.33
arp-input,205,4674.93
arp-input,206,4707.1
arp-input,207,4394.05
arp-input,208,4632.73
arp-input,209,4600.85
arp-input,210,4785.14
arp-input,211,4731.2
arp-input,212,4712.18
arp-input,213,4930.95
arp-input,214,4934.65
arp-input,215,4974.32
arp-input,216,4791.27
arp-input,217,5017.63
arp-input,218,4997.15
arp-input,219,5053.92
arp-input,220,5137.0
arp-input,221,4869.03
arp-input,222,5179.66
arp-input,223,5034.73
arp-input,224,4910.69
arp-input,225,5082.95
arp-input,226,5149.72
arp-input,227,5024.95
arp-input,228,4984.91
arp-input,229,5145.21
arp-input,230,5042.23
arp-input,231,5053.65
arp-input,232,5375.02
arp-input,233,5129.18
arp-input,234,5314.99
arp-input,235,5394.32
arp-input,236,5095.45
arp-input,237,5429.45
arp-input,238,5260.88
arp-input,239,5298.2
arp-input,240,5451.27
arp-input,241,5419.21
arp-input,242,5426.3
arp-input,243,5404.54
arp-input,244,5397.95
arp-input,245,5234.09
arp-input,246,5154.82
arp-input,247,5535.05
arp-input,248,5583.38
arp-input,249,5621.74
arp-input,250,5298.86
arp-input,251,5548.24
arp-input,252,5692.91
arp-input,253,5270.45
arp-input,254,5718.46
arp-input,255,5652.89
arp-input,256,5344.58
arp-reply,1,433.33
arp-reply,2,624.25
arp-reply,3,768.64
arp-reply,4,943.64
arp-reply,5,1058.34
arp-reply,6,1237.28
arp-reply,7,1333.18
arp-reply,8,1584.25
arp-reply,9,1771.36
arp-reply,10,1978.77
arp-reply,11,1926.65
arp-reply,12,2312.73
arp-reply,13,2426.69
arp-reply,14,2520.0
arp-reply,15,2650.02
arp-reply,16,3001.24
arp-reply,17,3078.0
arp-reply,18,3010.91
arp-reply,19,3500.58
arp-reply,20,3687.91
arp-reply,21,3671.85
arp-reply,22,3763.3
arp-reply,23,3920.45
arp-reply,24,4352.73
arp-reply,25,4231.02
arp-reply,26,4360.91
arp-reply,27,4483.6
arp-reply,28,4726.02
arp-reply,29,4934.35
arp-reply,30,4709.05
arp-reply,31,5053.99
arp-reply,32,5391.56
arp-reply,33,5794.95
arp-reply,34,5388.54
arp-reply,35,6034.8
arp-reply,36,6098.24
arp-reply,37,5903.18
arp-reply,38,6057.03
arp-reply,39,5838.12
arp-reply,40,6466.73
arp-reply,41,6323.88
arp-reply,42,6961.88
arp-reply,43,6756.28
arp-reply,44,7360.0
arp-reply,45,7527.27
arp-reply,46,7450.54
arp-reply,47,7349.09
arp-reply,48,7461.82
arp-reply,49,7995.91
arp-reply,50,7969.77
arp-reply,51,8670.0
arp-reply,52,8375.07
arp-reply,53,8415.68
arp-reply,54,8664.55
arp-reply,55,8508.25
arp-reply,56,8501.82
arp-reply,57,8610.37
arp-reply,58,8963.64
arp-reply,59,9395.21
arp-reply,60,9254.45
arp-reply,61,9103.7
arp-reply,62,10051.61
arp-reply,63,9898.73
arp-reply,64,9949.09
arp-reply,65,10291.57
arp-reply,66,10209.9
arp-reply,67,10080.45
arp-reply,68,10766.56
arp-reply,69,11113.08
arp-reply,70,10330.41
arp-reply,71,11467.47
arp-reply,72,11247.38
arp-reply,73,11613.64
arp-reply,74,12019.28
arp-reply,75,12079.43
arp-reply,76,11756.85
arp-reply,77,11911.55
arp-reply,78,12527.15
arp-reply,79,12364.58
arp-reply,80,12533.45
arp-reply,81,12824.88
arp-reply,82,13008.18
arp-reply,83,12915.18
arp-reply,84,12879.87
arp-reply,85,13252.27
arp-reply,86,13772.9
arp-reply,87,13709.22
arp-reply,88,13333.2
arp-reply,89,13686.99
arp-reply,90,14413.5
arp-reply,91,14325.47
arp-reply,92,14636.36
arp-reply,93,14401.05
arp-reply,94,14797.74
arp-reply,95,14365.3
arp-reply,96,15258.33
arp-reply,97,15622.73
arp-reply,98,15680.0
arp-reply,99,14670.0
arp-reply,100,15469.55
arp-reply,101,15287.73
arp-reply,102,16567.12
arp-reply,103,15886.81
arp-reply,104,15836.36
arp-reply,105,15638.8
arp-reply,106,16831.35
arp-reply,107,17168.64
arp-reply,108,17050.75
arp-reply,109,16762.71
arp-reply,110,16733.5
arp-reply,111,17003.18
arp-reply,112,17190.47
arp-reply,113,17754.87
arp-reply,114,16478.18
arp-reply,115,18905.48
arp-reply,116,18313.76
arp-reply,117,18684.37
arp-reply,118,18200.43
arp-reply,119,17958.18
arp-reply,120,18181.64
arp-reply,121,19433.15
arp-reply,122,18817.39
arp-reply,123,18859.81
arp-reply,124,19539.58
arp-reply,125,18806.82
arp-reply,126,19282.01
arp-reply,127,19761.78
arp-reply,128,18269.09
arp-reply,129,20776.62
arp-reply,130,20898.68
arp-reply,131,20840.91
arp-reply,132,20260.2
arp-reply,133,20252.27
arp-reply,134,20628.08
arp-reply,135,20659.3
arp-reply,136,20585.45
arp-reply,137,21317.82
arp-reply,138,21557.48
arp-reply,139,22492.73
arp-reply,140,22484.64
arp-reply,141,21919.09
arp-reply,142,23215.06
arp-reply,143,22663.55
arp-reply,144,23367.27
arp-reply,145,23178.25
arp-reply,146,23758.18
arp-reply,147,23252.73
arp-reply,148,22222.2
arp-reply,149,23591.44
arp-reply,150,22341.14
arp-reply,151,24022.73
arp-reply,152,23997.35
arp-reply,153,24480.0
arp-reply,154,22726.9
arp-reply,155,23320.45
arp-reply,156,24227.51
arp-reply,157,23644.91
arp-reply,158,24729.15
arp-reply,159,25367.73
arp-reply,160,25939.64
arp-reply,161,24125.85
arp-reply,162,25772.73
arp-reply,163,25018.28
arp-reply,164,24898.18
arp-reply,165,24924.75
arp-reply,166,24346.92
arp-reply,167,24594.55
arp-reply,168,26065.2
arp-reply,169,26143.53
arp-reply,170,26195.45
arp-reply,171,25650.0
arp-reply,172,26451.25
arp-reply,173,28283.14
arp-reply,174,26732.73
arp-reply,175,25958.07
arp-reply,176,27840.0
arp-reply,177,28346.55
arp-reply,178,28075.45
arp-reply,179,28097.3
arp-reply,180,28363.91
arp-reply,181,28356.94
arp-reply,182,28265.43
arp-reply,183,28780.91
arp-reply,184,27543.96
arp-reply,185,29824.52
arp-reply,186,29280.63
arp-reply,187,27426.95
arp-reply,188,28826.38
arp-reply,189,29868.01
arp-reply,190,27895.45
arp-reply,191,29778.64
arp-reply,192,29382.11
arp-reply,193,31669.55
arp-reply,194,31010.9
arp-reply,195,30254.25
arp-reply,196,28954.55
arp-reply,197,29908.18
arp-reply,198,30480.3
arp-reply,199,30996.06
arp-reply,200,30515.45
arp-reply,201,30880.91
arp-reply,202,32166.66
arp-reply,203,31034.09
arp-reply,204,31125.76
arp-reply,205,31992.11
arp-reply,206,33552.72
arp-reply,207,31771.68
arp-reply,208,33973.02
arp-reply,209,32585.0
arp-reply,210,29750.32
arp-reply,211,34783.35
arp-reply,212,31382.75
arp-reply,213,31369.09
arp-reply,214,32326.65
arp-reply,215,33845.89
arp-reply,216,33610.58
arp-reply,217,33075.73
arp-reply,218,34252.75
arp-reply,219,33513.97
arp-reply,220,34233.0
arp-reply,221,35125.94
arp-reply,222,33400.91
arp-reply,223,34902.54
arp-reply,224,34312.73
arp-reply,225,36136.02
arp-reply,226,34002.73
arp-reply,227,34050.0
arp-reply,228,33716.02
arp-reply,229,36049.8
arp-reply,230,35197.32
arp-reply,231,36750.0
arp-reply,232,37507.02
arp-reply,233,34173.69
arp-reply,234,35560.55
arp-reply,235,34857.98
arp-reply,236,36829.95
arp-reply,237,36735.0
arp-reply,238,37033.88
arp-reply,239,37370.91
arp-reply,240,37600.36
arp-reply,241,37355.0
arp-reply,242,36703.7
arp-reply,243,38291.28
arp-reply,244,38411.15
arp-reply,245,37677.66
arp-reply,246,37384.17
arp-reply,247,39295.45
arp-reply,248,37388.25
arp-reply,249,40292.73
arp-reply,250,38636.36
arp-reply,251,38828.56
arp-reply,252,37456.36
arp-reply,253,37950.0
arp-reply,254,37638.18
arp-reply,255,38327.66
arp-reply,256,39369.31
drop,1,295.76
drop,2,331.82
drop,3,376.36
drop,4,367.27
drop,5,418.93
drop,6,447.27
drop,7,469.86
drop,8,419.38
drop,9,500.44
drop,10,542.41
drop,11,566.65
drop,12,518.56
drop,13,624.41
drop,14,606.01
drop,15,687.95
drop,16,602.18
drop,17,672.04
drop,18,649.39
drop,19,722.26
drop,20,720.0
drop,21,755.05
drop,22,809.3
drop,23,833.96
drop,24,815.24
drop,25,873.07
drop,26,843.46
drop,27,853.32
drop,28,851.84
drop,29,914.42
drop,30,933.68
drop,31,927.6
drop,32,980.8
drop,33,979.5
drop,34,982.45
drop,35,1047.93
drop,36,1027.15
drop,37,1040.54
drop,38,1165.91
drop,39,1181.88
drop,40,1102.36
drop,41,1165.33
drop,42,1192.61
drop,43,1240.55
drop,44,1211.4
drop,45,1208.25
drop,46,1229.45
drop,47,1269.64
drop,48,1200.65
drop,49,1319.21
drop,50,1414.32
drop,51,1299.8
drop,52,1333.09
drop,53,1420.64
drop,54,1445.73
drop,55,1381.75
drop,56,1344.0
drop,57,1452.72
drop,58,1495.61
drop,59,1585.76
drop,60,1390.09
drop,61,1521.4
drop,62,1535.06
drop,63,1574.14
drop,64,1540.95
drop,65,1624.11
drop,66,1652.1
drop,67,1678.05
drop,68,1753.47
drop,69,1708.38
drop,70,1766.86
drop,71,1708.2
drop,72,1728.98
drop,73,1708.86
drop,74,1768.26
drop,75,1824.89
drop,76,1744.55
drop,77,1849.05
drop,78,1894.34
drop,79,1827.77
drop,80,1745.45
drop,81,1829.86
drop,82,1980.3
drop,83,1987.1
drop,84,2003.4
drop,85,1962.73
drop,86,2043.28
drop,87,2080.09
drop,88,1965.2
drop,89,2130.74
drop,90,2117.86
drop,91,2248.94
drop,92,2087.98
drop,93,2158.87
drop,94,2150.46
drop,95,2268.34
drop,96,2133.82
drop,97,2161.78
drop,98,2124.82
drop,99,2259.0
drop,100,2244.09
drop,101,2250.92
drop,102,2308.91
drop,103,2322.18
drop,104,2452.04
drop,105,2320.98
drop,106,2340.19
drop,107,2349.14
drop,108,2399.07
drop,109,2432.68
drop,110,2506.5
drop,111,2425.35
drop,112,2518.47
drop,113,2441.31
drop,114,2496.08
drop,115,2528.43
drop,116,2405.95
drop,117,2653.77
drop,118,2664.12
drop,119,2570.94
drop,120,2581.64
drop,121,2601.5
drop,122,2460.52
drop,123,2581.32
drop,124,2720.67
drop,125,2771.02
drop,126,2764.55
drop,127,2726.46
drop,128,2583.27
drop,129,2781.12
drop,130,2848.18
drop,131,2880.21
drop,132,2800.2
drop,133,2861.31
drop,134,2964.45
drop,135,3002.52
drop,136,2672.4
drop,137,2895.68
drop,138,3121.94
drop,139,3030.83
drop,140,3139.18
drop,141,3125.71
drop,142,3016.21
drop,143,3139.5
drop,144,2971.64
drop,145,3286.89
drop,146,3030.83
drop,147,3046.91
drop,148,3309.82
drop,149,3167.6
drop,150,3165.68
drop,151,3413.29
drop,152,3074.55
drop,153,3224.82
drop,154,3327.1
drop,155,3478.34
drop,156,3486.6
drop,157,3070.78
drop,158,3384.79
drop,159,3370.08
drop,160,3427.64
drop,161,3288.06
drop,162,3436.61
drop,163,3502.28
drop,164,3553.58
drop,165,3382.5
drop,166,3725.19
drop,167,3686.9
drop,168,3362.29
drop,169,3546.7
drop,170,3590.86
drop,171,3658.62
drop,172,3648.75
drop,173,3669.96
drop,174,3434.92
drop,175,3812.61
drop,176,3712.0
drop,177,3877.91
drop,178,3665.18
drop,179,3742.73
drop,180,3741.55
drop,181,3839.67
drop,182,3937.82
drop,183,3870.45
drop,184,3788.73
drop,185,3626.84
drop,186,4049.73
drop,187,3791.0
drop,188,3674.55
drop,189,3768.83
drop,190,3961.5
drop,191,4086.53
drop,192,4125.38
drop,193,3930.18
drop,194,4029.91
drop,195,4183.64
drop,196,3931.58
drop,197,4163.86
drop,198,4092.3
drop,199,4140.1
drop,200,3933.64
drop,201,4044.67
drop,202,4110.7
drop,203,4373.73
drop,204,4156.96
drop,205,4168.02
drop,206,4145.28
drop,207,4252.91
drop,208,4207.27
drop,209,4332.0
drop,210,4250.59
drop,211,4414.7
drop,212,4336.36
drop,213,4446.86
drop,214,4620.45
drop,215,4127.02
drop,216,4523.24
drop,217,4461.32
drop,218,4360.0
drop,219,4253.58
drop,220,4313.0
drop,221,4537.53
drop,222,4554.03
drop,223,4665.77
drop,224,4411.78
drop,225,4584.89
drop,226,4718.26
drop,227,4811.37
drop,228,4521.65
drop,229,4548.77
drop,230,4390.91
drop,231,4847.85
drop,232,4541.93
drop,233,4794.5
drop,234,4772.54
drop,235,4750.2
drop,236,4723.22
drop,237,4484.69
drop,238,4770.82
drop,239,4635.51
drop,240,4832.73
drop,241,4820.0
drop,242,4876.3
drop,243,5036.73
drop,244,4705.87
drop,245,5008.02
drop,246,5062.01
drop,247,5044.41
drop,248,4918.29
drop,249,4750.24
drop,250,5132.95
drop,251,4776.99
drop,252,4753.64
drop,253,4991.0
drop,254,5010.73
drop,255,5215.91
drop,256,4995.49
error-drop,1,319.55
error-drop,2,345.75
error-drop,3,371.36
error-drop,4,356.36
error-drop,5,378.8
error-drop,6,373.64
error-drop,7,416.82
error-drop,8,398.8
error-drop,9,426.8
error-drop,10,411.23
error-drop,11,407.15
error-drop,12,455.07
error-drop,13,455.59
error-drop,14,470.08
error-drop,15,472.7
error-drop,16,434.69
error-drop,17,484.5
error-drop,18,501.55
error-drop,19,495.12
error-drop,20,532.45
error-drop,21,517.36
error-drop,22,522.0
error-drop,23,500.77
error-drop,24,529.09
error-drop,25,545.11
error-drop,26,545.17
error-drop,27,533.86
error-drop,28,562.93
error-drop,29,558.91
error-drop,30,552.68
error-drop,31,598.44
error-drop,32,612.8
error-drop,33,602.55
error-drop,34,607.83
error-drop,35,568.43
error-drop,36,602.67
error-drop,37,651.37
error-drop,38,627.0
error-drop,39,621.7
error-drop,40,626.0
error-drop,41,657.86
error-drop,42,641.45
error-drop,43,607.28
error-drop,44,662.6
error-drop,45,632.05
error-drop,46,685.82
error-drop,47,690.69
error-drop,48,682.91
error-drop,49,663.73
error-drop,50,662.95
error-drop,51,687.8
error-drop,52,697.27
error-drop,53,687.31
error-drop,54,670.09
error-drop,55,714.25
error-drop,56,700.0
error-drop,57,719.5
error-drop,58,761.91
error-drop,59,719.53
error-drop,60,750.82
error-drop,61,762.5
error-drop,62,778.66
error-drop,63,699.59
error-drop,64,685.67
error-drop,65,686.34
error-drop,66,705.0
error-drop,67,740.96
error-drop,68,683.09
error-drop,69,801.97
error-drop,70,714.95
error-drop,71,726.14
error-drop,72,720.98
error-drop,73,749.91
error-drop,74,743.36
error-drop,75,721.7
error-drop,76,776.24
error-drop,77,781.55
error-drop,78,763.34
error-drop,79,776.71
error-drop,80,773.45
error-drop,81,783.12
error-drop,82,809.94
error-drop,83,799.82
error-drop,84,768.6
error-drop,85,826.82
error-drop,86,817.0
error-drop,87,794.86
error-drop,88,794.8
error-drop,89,769.85
error-drop,90,785.45
error-drop,91,787.15
error-drop,92,812.53
error-drop,93,839.96
error-drop,94,863.09
error-drop,95,833.41
error-drop,96,798.55
error-drop,97,878.73
error-drop,98,902.94
error-drop,99,910.35
error-drop,100,933.18
error-drop,101,870.9
error-drop,102,945.82
error-drop,103,984.59
error-drop,104,910.95
error-drop,105,925.91
error-drop,106,973.27
error-drop,107,946.95
error-drop,108,958.75
error-drop,109,992.4
error-drop,110,925.0
error-drop,111,967.21
error-drop,112,972.36
error-drop,113,989.78
error-drop,114,903.19
error-drop,115,1035.0
error-drop,116,994.96
error-drop,117,1006.73
error-drop,118,1052.88
error-drop,119,996.9
error-drop,120,1023.82
error-drop,121,975.15
error-drop,122,1053.64
error-drop,123,1004.69
error-drop,124,1082.18
error-drop,125,1024.43
error-drop,126,1076.73
error-drop,127,1085.27
error-drop,128,955.93
error-drop,129,979.23
error-drop,130,990.95
error-drop,131,982.5
error-drop,132,954.0
error-drop,133,1003.55
error-drop,134,1027.54
error-drop,135,1026.61
error-drop,136,943.96
error-drop,137,1071.09
error-drop,138,1045.66
error-drop,139,1063.35
error-drop,140,1100.91
error-drop,141,1095.95
error-drop,142,1121.15
error-drop,143,1070.55
error-drop,144,1106.18
error-drop,145,1059.16
error-drop,146,1128.18
error-drop,147,1113.86
error-drop,148,1128.16
error-drop,149,1119.53
error-drop,150,1184.32
error-drop,151,1118.77
error-drop,152,1084.73
error-drop,153,1152.37
error-drop,154,1159.9
error-drop,155,1080.07
error-drop,156,1049.45
error-drop,157,1101.14
error-drop,158,1077.27
error-drop,159,1149.14
error-drop,160,1214.55
error-drop,161,1168.71
error-drop,162,1237.09
error-drop,163,1175.82
error-drop,164,1183.04
error-drop,165,1237.5
error-drop,166,1164.26
error-drop,167,1156.1
error-drop,168,1137.82
error-drop,169,1257.51
error-drop,170,1200.05
error-drop,171,1249.08
error-drop,172,1240.75
error-drop,173,1211.0
error-drop,174,1259.92
error-drop,175,1296.59
error-drop,176,1277.6
error-drop,177,1247.05
error-drop,178,1232.25
error-drop,179,1231.03
error-drop,180,1325.45
error-drop,181,1324.59
error-drop,182,1379.06
error-drop,183,1266.86
error-drop,184,1254.55
error-drop,185,1342.93
error-drop,186,1338.35
error-drop,187,1337.05
error-drop,188,1298.91
error-drop,189,1383.14
error-drop,190,1379.23
error-drop,191,1360.44
error-drop,192,1259.35
error-drop,193,1286.96
error-drop,194,1334.19
error-drop,195,1365.0
error-drop,196,1372.0
error-drop,197,1265.28
error-drop,198,1386.0
error-drop,199,1363.15
error-drop,200,1388.18
error-drop,201,1385.99
error-drop,202,1343.3
error-drop,203,1337.95
error-drop,204,1378.85
error-drop,205,1348.34
error-drop,206,1367.09
error-drop,207,1399.13
error-drop,208,1311.35
error-drop,209,1415.5
error-drop,210,1406.05
error-drop,211,1345.6
error-drop,212,1400.16
error-drop,213,1459.05
error-drop,214,1400.73
error-drop,215,1407.27
error-drop,216,1401.05
error-drop,217,1430.23
error-drop,218,1410.06
error-drop,219,1350.83
error-drop,220,1470.0
error-drop,221,1419.42
error-drop,222,1450.06
error-drop,223,1469.77
error-drop,224,1489.6
error-drop,225,1462.5
error-drop,226,1448.45
error-drop,227,1516.77
error-drop,228,1388.73
error-drop,229,1464.56
error-drop,230,1424.95
error-drop,231,1473.15
error-drop,232,1483.75
error-drop,233,1517.68
error-drop,234,1588.01
error-drop,235,1524.3
error-drop,236,1509.33
error-drop,237,1562.05
error-drop,238,1496.15
error-drop,239,1600.21
error-drop,240,1625.45
error-drop,241,1519.4
error-drop,242,1474.0
error-drop,243,1546.36
error-drop,244,1589.33
error-drop,245,1584.7
error-drop,246,1445.81
error-drop,247,1501.09
error-drop,248,1608.62
error-drop,249,1550.59
error-drop,250,1681.82
error-drop,251,1548.21
error-drop,252,1446.71
error-drop,253,1575.5
error-drop,254,1639.45
error-drop,255,1603.02
error-drop,256,1582.55
ethernet-input,1,21.58
ethernet-input,2,42.55
ethernet-input,3,63.59
ethernet-input,4,89.58
ethernet-input,5,113.18
ethernet-input,6,133.55
ethernet-input,7,154.0
ethernet-input,8,176.47
ethernet-input,9,208.1
ethernet-input,10,219.68
ethernet-input,11,244.35
ethernet-input,12,266.02
ethernet-input,13,282.28
ethernet-input,14,322.0
ethernet-input,15,317.73
ethernet-input,16,339.13
ethernet-input,17,364.19
ethernet-input,18,391.91
ethernet-input,19,428.97
ethernet-input,20,446.09
ethernet-input,21,444.53
ethernet-input,22,495.7
ethernet-input,23,494.5
ethernet-input,24,495.27
ethernet-input,25,551.48
ethernet-input,26,571.65
ethernet-input,27,593.63
ethernet-input,28,617.27
ethernet-input,29,661.33
ethernet-input,30,667.23
ethernet-input,31,660.86
ethernet-input,32,721.45
ethernet-input,33,708.45
ethernet-input,34,732.55
ethernet-input,35,755.2
ethernet-input,36,796.42
ethernet-input,37,810.64
ethernet-input,38,829.09
ethernet-input,39,862.79
ethernet-input,40,894.55
ethernet-input,41,864.73
ethernet-input,42,913.88
ethernet-input,43,955.19
ethernet-input,44,1046.6
ethernet-input,45,1015.98
ethernet-input,46,961.82
ethernet-input,47,1031.86
ethernet-input,48,1010.84
ethernet-input,49,1076.44
ethernet-input,50,1088.64
ethernet-input,51,1179.26
ethernet-input,52,1136.2
ethernet-input,53,1148.41
ethernet-input,54,1190.45
ethernet-input,55,1184.25
ethernet-input,56,1199.67
ethernet-input,57,1274.73
ethernet-input,58,1281.27
ethernet-input,59,1344.4
ethernet-input,60,1258.09
ethernet-input,61,1392.74
ethernet-input,62,1321.73
ethernet-input,63,1358.22
ethernet-input,64,1408.0
ethernet-input,65,1411.39
ethernet-input,66,1427.1
ethernet-input,67,1517.55
ethernet-input,68,1461.07
ethernet-input,69,1482.56
ethernet-input,70,1610.0
ethernet-input,71,1575.88
ethernet-input,72,1620.0
ethernet-input,73,1599.36
ethernet-input,74,1608.83
ethernet-input,75,1648.98
ethernet-input,76,1673.04
ethernet-input,77,1646.05
ethernet-input,78,1644.03
ethernet-input,79,1757.03
ethernet-input,80,1788.0
ethernet-input,81,1848.27
ethernet-input,82,1801.39
ethernet-input,83,1818.45
ethernet-input,84,1785.76
ethernet-input,85,1919.07
ethernet-input,86,1861.9
ethernet-input,87,1723.0
ethernet-input,88,1906.8
ethernet-input,89,1905.41
ethernet-input,90,2045.45
ethernet-input,91,2002.0
ethernet-input,92,1936.18
ethernet-input,93,2040.5
ethernet-input,94,1897.09
ethernet-input,95,2065.39
ethernet-input,96,2142.55
ethernet-input,97,2226.59
ethernet-input,98,2096.75
ethernet-input,99,2197.35
ethernet-input,100,2169.55
ethernet-input,101,2107.23
ethernet-input,102,2124.85
ethernet-input,103,2317.5
ethernet-input,104,2311.64
ethernet-input,105,2278.02
ethernet-input,106,2241.9
ethernet-input,107,2282.5
ethernet-input,108,2336.73
ethernet-input,109,2280.58
ethernet-input,110,2438.5
ethernet-input,111,2408.2
ethernet-input,112,2493.02
ethernet-input,113,2470.59
ethernet-input,114,2521.99
ethernet-input,115,2460.48
ethernet-input,116,2490.31
ethernet-input,117,2559.64
ethernet-input,118,2490.34
ethernet-input,119,2708.33
ethernet-input,120,2485.64
ethernet-input,121,2537.15
ethernet-input,122,2735.57
ethernet-input,123,2743.46
ethernet-input,124,2577.51
ethernet-input,125,2583.52
ethernet-input,126,2766.27
ethernet-input,127,2736.27
ethernet-input,128,2775.27
ethernet-input,129,2754.15
ethernet-input,130,2735.91
ethernet-input,131,2733.14
ethernet-input,132,2850.0
ethernet-input,133,2819.0
ethernet-input,134,2874.91
ethernet-input,135,2977.98
ethernet-input,136,2975.31
ethernet-input,137,3040.78
ethernet-input,138,3054.82
ethernet-input,139,2912.68
ethernet-input,140,2986.45
ethernet-input,141,3057.14
ethernet-input,142,3151.75
ethernet-input,143,3152.5
ethernet-input,144,3166.04
ethernet-input,145,3321.82
ethernet-input,146,3459.54
ethernet-input,147,3260.73
ethernet-input,148,3325.29
ethernet-input,149,3598.35
ethernet-input,150,3336.14
ethernet-input,151,3383.77
ethernet-input,152,3482.18
ethernet-input,153,3472.4
ethernet-input,154,3630.9
ethernet-input,155,3607.27
ethernet-input,156,3639.76
ethernet-input,157,3627.41
ethernet-input,158,3682.12
ethernet-input,159,3560.88
ethernet-input,160,3832.73
ethernet-input,161,3734.47
ethernet-input,162,3853.39
ethernet-input,163,3613.41
ethernet-input,164,3886.05
ethernet-input,165,3984.75
ethernet-input,166,4110.01
ethernet-input,167,3828.1
ethernet-input,168,3927.38
ethernet-input,169,3797.12
ethernet-input,170,3871.36
ethernet-input,171,3842.06
ethernet-input,172,3856.71
ethernet-input,173,3934.18
ethernet-input,174,4009.91
ethernet-input,175,4054.43
ethernet-input,176,4226.4
ethernet-input,177,4274.55
ethernet-input,178,3991.25
ethernet-input,179,4501.85
ethernet-input,180,4178.45
ethernet-input,181,4176.99
ethernet-input,182,4390.34
ethernet-input,183,4447.73
ethernet-input,184,4276.33
ethernet-input,185,4271.82
ethernet-input,186,4624.64
ethernet-input,187,4187.95
ethernet-input,188,4497.47
ethernet-input,189,4181.2
ethernet-input,190,4281.05
ethernet-input,191,4430.33
ethernet-input,192,4540.8
ethernet-input,193,4453.91
ethernet-input,194,4415.26
ethernet-input,195,4375.98
ethernet-input,196,4362.78
ethernet-input,197,4835.45
ethernet-input,198,4482.0
ethernet-input,199,4691.88
ethernet-input,200,4560.91
ethernet-input,201,4488.7
ethernet-input,202,4817.7
ethernet-input,203,4530.59
ethernet-input,204,4747.64
ethernet-input,205,4786.75
ethernet-input,206,4794.18
ethernet-input,207,4767.59
ethernet-input,208,5039.27
ethernet-input,209,4737.65
ethernet-input,210,5001.82
ethernet-input,211,4958.5
ethernet-input,212,5004.16
ethernet-input,213,5080.05
ethernet-input,214,4957.99
ethernet-input,215,5108.2
ethernet-input,216,5167.31
ethernet-input,217,4865.73
ethernet-input,218,4944.64
ethernet-input,219,5066.86
ethernet-input,220,5330.0
ethernet-input,221,5293.95
ethernet-input,222,5411.75
ethernet-input,223,5372.27
ethernet-input,224,5199.85
ethernet-input,225,4817.05
ethernet-input,226,5190.81
ethernet-input,227,5389.19
ethernet-input,228,5323.8
ethernet-input,229,5430.42
ethernet-input,230,5237.73
ethernet-input,231,5407.5
ethernet-input,232,5417.2
ethernet-input,233,5504.1
ethernet-input,234,5655.35
ethernet-input,235,5522.5
ethernet-input,236,5660.78
ethernet-input,237,5752.64
ethernet-input,238,5538.91
ethernet-input,239,5641.49
ethernet-input,240,5654.18
ethernet-input,241,5506.85
ethernet-input,242,5786.0
ethernet-input,243,5401.23
ethernet-input,244,5626.42
ethernet-input,245,6139.48
ethernet-input,246,5744.1
ethernet-input,247,5748.36
ethernet-input,248,5797.56
ethernet-input,249,5670.41
ethernet-input,250,5530.68
ethernet-input,251,5906.49
ethernet-input,252,5849.84
ethernet-input,253,6049.0
ethernet-input,254,5942.45
ethernet-input,255,6030.75
ethernet-input,256,5856.58
ip4-inacl,1,345.45
ip4-inacl,2,386.97
ip4-inacl,3,434.09
ip4-inacl,4,425.45
ip4-inacl,5,507.57
ip4-inacl,6,500.92
ip4-inacl,7,575.91
ip4-inacl,8,616.98
ip4-inacl,9,655.9
ip4-inacl,10,707.59
ip4-inacl,11,730.0
ip4-inacl,12,712.75
ip4-inacl,13,778.05
ip4-inacl,14,772.1
ip4-inacl,15,820.43
ip4-inacl,16,880.0
ip4-inacl,17,950.45
ip4-inacl,18,910.88
ip4-inacl,19,984.55
ip4-inacl,20,1015.18
ip4-inacl,21,1046.85
ip4-inacl,22,1076.7
ip4-inacl,23,1087.27
ip4-inacl,24,1071.27
ip4-inacl,25,1112.16
ip4-inacl,26,1160.9
ip4-inacl,27,1256.36
ip4-inacl,28,1280.75
ip4-inacl,29,1325.7
ip4-inacl,30,1242.27
ip4-inacl,31,1277.06
ip4-inacl,32,1359.56
ip4-inacl,33,1458.45
ip4-inacl,34,1400.65
ip4-inacl,35,1425.93
ip4-inacl,36,1513.64
ip4-inacl,37,1510.78
ip4-inacl,38,1526.91
ip4-inacl,39,1567.09
ip4-inacl,40,1572.18
ip4-inacl,41,1611.49
ip4-inacl,42,1660.34
ip4-inacl,43,1714.14
ip4-inacl,44,1608.0
ip4-inacl,45,1723.7
ip4-inacl,46,1865.72
ip4-inacl,47,1778.1
ip4-inacl,48,1795.64
ip4-inacl,49,1913.9
ip4-inacl,50,1913.64
ip4-inacl,51,2036.06
ip4-inacl,52,2053.29
ip4-inacl,53,2124.82
ip4-inacl,54,2069.92
ip4-inacl,55,2075.0
ip4-inacl,56,2204.36
ip4-inacl,57,2131.54
ip4-inacl,58,2252.25
ip4-inacl,59,2159.67
ip4-inacl,60,2376.27
ip4-inacl,61,2144.15
ip4-inacl,62,2273.43
ip4-inacl,63,2251.68
ip4-inacl,64,2165.24
ip4-inacl,65,2368.66
ip4-inacl,66,2231.1
ip4-inacl,67,2293.23
ip4-inacl,68,2351.25
ip4-inacl,69,2356.35
ip4-inacl,70,2404.5
ip4-inacl,71,2488.23
ip4-inacl,72,2572.36
ip4-inacl,73,2663.5
ip4-inacl,74,2611.19
ip4-inacl,75,2648.86
ip4-inacl,76,2565.69
ip4-inacl,77,2714.95
ip4-inacl,78,2642.43
ip4-inacl,79,2773.26
ip4-inacl,80,2749.09
ip4-inacl,81,2890.23
ip4-inacl,82,2934.48
ip4-inacl,83,2854.82
ip4-inacl,84,2841.87
ip4-inacl,85,2821.61
ip4-inacl,86,2958.01
ip4-inacl,87,2886.82
ip4-inacl,88,2988.0
ip4-inacl,89,3055.53
ip4-inacl,90,3064.09
ip4-inacl,91,3077.45
ip4-inacl,92,3074.89
ip4-inacl,93,3266.41
ip4-inacl,94,3157.55
ip4-inacl,95,3268.86
ip4-inacl,96,3202.91
ip4-inacl,97,3384.86
ip4-inacl,98,3123.97
ip4-inacl,99,3252.15
ip4-inacl,100,3378.64
ip4-inacl,101,3580.91
ip4-inacl,102,3353.48
ip4-inacl,103,3366.23
ip4-inacl,104,3402.22
ip4-inacl,105,3353.8
ip4-inacl,106,3511.01
ip4-inacl,107,3584.5
ip4-inacl,108,3560.56
ip4-inacl,109,3514.26
ip4-inacl,110,3550.0
ip4-inacl,111,3772.49
ip4-inacl,112,3712.8
ip4-inacl,113,3632.95
ip4-inacl,114,3602.92
ip4-inacl,115,3718.16
ip4-inacl,116,3801.64
ip4-inacl,117,3662.63
ip4-inacl,118,3774.39
ip4-inacl,119,3851.27
ip4-inacl,120,3663.82
ip4-inacl,121,3672.35
ip4-inacl,122,3689.39
ip4-inacl,123,3881.77
ip4-inacl,124,3855.27
ip4-inacl,125,4246.02
ip4-inacl,126,3950.1
ip4-inacl,127,3971.64
ip4-inacl,128,3979.64
ip4-inacl,129,4041.8
ip4-inacl,130,3921.86
ip4-inacl,131,4142.58
ip4-inacl,132,3979.8
ip4-inacl,133,4191.31
ip4-inacl,134,4277.65
ip4-inacl,135,4158.61
ip4-inacl,136,4185.09
ip4-inacl,137,4351.0
ip4-inacl,138,4116.79
ip4-inacl,139,4424.62
ip4-inacl,140,4240.09
ip4-inacl,141,4315.24
ip4-inacl,142,4414.91
ip4-inacl,143,4459.0
ip4-inacl,144,4385.45
ip4-inacl,145,4602.43
ip4-inacl,146,4426.45
ip4-inacl,147,4528.27
ip4-inacl,148,4556.38
ip4-inacl,149,4749.71
ip4-inacl,150,4682.05
ip4-inacl,151,4584.91
ip4-inacl,152,4440.47
ip4-inacl,153,4592.09
ip4-inacl,154,4424.0
ip4-inacl,155,4868.41
ip4-inacl,156,4677.87
ip4-inacl,157,4774.23
ip4-inacl,158,4622.94
ip4-inacl,159,4560.41
ip4-inacl,160,4453.09
ip4-inacl,161,4622.9
ip4-inacl,162,4843.06
ip4-inacl,163,4921.86
ip4-inacl,164,4795.51
ip4-inacl,165,5077.5
ip4-inacl,166,5158.83
ip4-inacl,167,5328.82
ip4-inacl,168,5144.62
ip4-inacl,169,5044.65
ip4-inacl,170,5300.91
ip4-inacl,171,5145.55
ip4-inacl,172,5009.11
ip4-inacl,173,5098.0
ip4-inacl,174,5193.9
ip4-inacl,175,5196.7
ip4-inacl,176,5376.0
ip4-inacl,177,5280.23
ip4-inacl,178,5585.15
ip4-inacl,179,4838.7
ip4-inacl,180,5315.73
ip4-inacl,181,5605.24
ip4-inacl,182,5429.39
ip4-inacl,183,5778.64
ip4-inacl,184,5478.18
ip4-inacl,185,5429.75
ip4-inacl,186,5442.19
ip4-inacl,187,5459.55
ip4-inacl,188,5847.65
ip4-inacl,189,5609.86
ip4-inacl,190,5630.91
ip4-inacl,191,5654.47
ip4-inacl,192,5794.91
ip4-inacl,193,5576.82
ip4-inacl,194,5893.19
ip4-inacl,195,5767.57
ip4-inacl,196,5532.55
ip4-inacl,197,5701.36
ip4-inacl,198,5514.3
ip4-inacl,199,5888.59
ip4-inacl,200,5918.18
ip4-inacl,201,5926.76
ip4-inacl,202,6048.06
ip4-inacl,203,5972.81
ip4-inacl,204,6194.18
ip4-inacl,205,5774.48
ip4-inacl,206,5830.74
ip4-inacl,207,6031.23
ip4-inacl,208,6010.25
ip4-inacl,209,5795.0
ip4-inacl,210,6029.86
ip4-inacl,211,5725.77
ip4-inacl,212,5887.82
ip4-inacl,213,6070.5
ip4-inacl,214,6208.92
ip4-inacl,215,6355.2
ip4-inacl,216,5851.64
ip4-inacl,217,6312.73
ip4-inacl,218,6213.0
ip4-inacl,219,6238.51
ip4-inacl,220,6780.0
ip4-inacl,221,6409.0
ip4-inacl,222,6465.25
ip4-inacl,223,6307.86
ip4-inacl,224,6282.18
ip4-inacl,225,6613.98
ip4-inacl,226,6211.92
ip4-inacl,227,6518.0
ip4-inacl,228,6477.27
ip4-inacl,229,6495.27
ip4-inacl,230,6311.41
ip4-inacl,231,6762.0
ip4-inacl,232,6488.62
ip4-inacl,233,6732.64
ip4-inacl,234,6307.36
ip4-inacl,235,6857.73
ip4-inacl,236,6611.22
ip4-inacl,237,6603.68
ip4-inacl,238,6566.64
ip4-inacl,239,7155.88
ip4-inacl,240,6352.36
ip4-inacl,241,6978.05
ip4-inacl,242,6713.3
ip4-inacl,243,6663.72
ip4-inacl,244,7320.0
ip4-inacl,245,7138.41
ip4-inacl,246,7141.83
ip4-inacl,247,6986.73
ip4-inacl,248,7316.0
ip4-inacl,249,7394.17
ip4-inacl,250,7151.14
ip4-inacl,251,7035.99
ip4-inacl,252,7376.73
ip4-inacl,253,7402.55
ip4-inacl,254,7046.19
ip4-inacl,255,7148.11
ip4-inacl,256,7101.67
ip4-input-no-checksum,1,325.6
ip4-input-no-checksum,2,321.52
ip4-input-no-checksum,3,373.19
ip4-input-no-checksum,4,400.0
ip4-input-no-checksum,5,441.66
ip4-input-no-checksum,6,450.9
ip4-input-no-checksum,7,450.77
ip4-input-no-checksum,8,476.36
ip4-input-no-checksum,9,456.83
ip4-input-no-checksum,10,504.55
ip4-input-no-checksum,11,553.35
ip4-input-no-checksum,12,572.73
ip4-input-no-checksum,13,549.37
ip4-input-no-checksum,14,649.54
ip4-input-no-checksum,15,670.43
ip4-input-no-checksum,16,668.36
ip4-input-no-checksum,17,683.09
ip4-input-no-checksum,18,741.03
ip4-input-no-checksum,19,715.35
ip4-input-no-checksum,20,790.0
ip4-input-no-checksum,21,734.05
ip4-input-no-checksum,22,789.3
ip4-input-no-checksum,23,825.91
ip4-input-no-checksum,24,834.55
ip4-input-no-checksum,25,872.39
ip4-input-no-checksum,26,891.92
ip4-input-no-checksum,27,968.69
ip4-input-no-checksum,28,973.64
ip4-input-no-checksum,29,975.06
ip4-input-no-checksum,30,1025.05
ip4-input-no-checksum,31,1014.12
ip4-input-no-checksum,32,1038.55
ip4-input-no-checksum,33,1078.05
ip4-input-no-checksum,34,1040.55
ip4-input-no-checksum,35,1133.2
ip4-input-no-checksum,36,1121.4
ip4-input-no-checksum,37,1210.4
ip4-input-no-checksum,38,1167.64
ip4-input-no-checksum,39,1206.7
ip4-input-no-checksum,40,1168.55
ip4-input-no-checksum,41,1212.67
ip4-input-no-checksum,42,1270.12
ip4-input-no-checksum,43,1338.86
ip4-input-no-checksum,44,1278.0
ip4-input-no-checksum,45,1302.95
ip4-input-no-checksum,46,1327.1
ip4-input-no-checksum,47,1343.13
ip4-input-no-checksum,48,1365.82
ip4-input-no-checksum,49,1472.9
ip4-input-no-checksum,50,1376.59
ip4-input-no-checksum,51,1541.59
ip4-input-no-checksum,52,1467.11
ip4-input-no-checksum,53,1514.6
ip4-input-no-checksum,54,1483.28
ip4-input-no-checksum,55,1561.75
ip4-input-no-checksum,56,1573.09
ip4-input-no-checksum,57,1534.6
ip4-input-no-checksum,58,1508.79
ip4-input-no-checksum,59,1645.83
ip4-input-no-checksum,60,1561.91
ip4-input-no-checksum,61,1551.9
ip4-input-no-checksum,62,1644.97
ip4-input-no-checksum,63,1658.05
ip4-input-no-checksum,64,1644.51
ip4-input-no-checksum,65,1690.0
ip4-input-no-checksum,66,1770.0
ip4-input-no-checksum,67,1731.95
ip4-input-no-checksum,68,1767.07
ip4-input-no-checksum,69,1784.59
ip4-input-no-checksum,70,1861.36
ip4-input-no-checksum,71,1868.59
ip4-input-no-checksum,72,1836.0
ip4-input-no-checksum,73,1920.23
ip4-input-no-checksum,74,2046.1
ip4-input-no-checksum,75,1892.05
ip4-input-no-checksum,76,1848.18
ip4-input-no-checksum,77,1951.95
ip4-input-no-checksum,78,1956.03
ip4-input-no-checksum,79,1827.77
ip4-input-no-checksum,80,1966.18
ip4-input-no-checksum,81,1977.14
ip4-input-no-checksum,82,1935.57
ip4-input-no-checksum,83,2140.27
ip4-input-no-checksum,84,2158.42
ip4-input-no-checksum,85,2143.16
ip4-input-no-checksum,86,2135.54
ip4-input-no-checksum,87,2006.14
ip4-input-no-checksum,88,2105.2
ip4-input-no-checksum,89,2095.55
ip4-input-no-checksum,90,2301.95
ip4-input-no-checksum,91,2276.24
ip4-input-no-checksum,92,2120.18
ip4-input-no-checksum,93,2186.77
ip4-input-no-checksum,94,2253.01
ip4-input-no-checksum,95,2304.61
ip4-input-no-checksum,96,2155.64
ip4-input-no-checksum,97,2190.0
ip4-input-no-checksum,98,2298.55
ip4-input-no-checksum,99,2380.5
ip4-input-no-checksum,100,2365.0
ip4-input-no-checksum,101,2342.74
ip4-input-no-checksum,102,2387.73
ip4-input-no-checksum,103,2311.41
ip4-input-no-checksum,104,2393.42
ip4-input-no-checksum,105,2521.43
ip4-input-no-checksum,106,2431.74
ip4-input-no-checksum,107,2431.82
ip4-input-no-checksum,108,2505.11
ip4-input-no-checksum,109,2465.88
ip4-input-no-checksum,110,2296.5
ip4-input-no-checksum,111,2662.49
ip4-input-no-checksum,112,2516.44
ip4-input-no-checksum,113,2626.22
ip4-input-no-checksum,114,2584.17
ip4-input-no-checksum,115,2577.05
ip4-input-no-checksum,116,2599.45
ip4-input-no-checksum,117,2733.55
ip4-input-no-checksum,118,2690.94
ip4-input-no-checksum,119,2608.8
ip4-input-no-checksum,120,2622.0
ip4-input-no-checksum,121,2757.15
ip4-input-no-checksum,122,2700.64
ip4-input-no-checksum,123,2618.22
ip4-input-no-checksum,124,2705.45
ip4-input-no-checksum,125,2816.48
ip4-input-no-checksum,126,2827.55
ip4-input-no-checksum,127,2688.36
ip4-input-no-checksum,128,2647.27
ip4-input-no-checksum,129,2839.76
ip4-input-no-checksum,130,2849.95
ip4-input-no-checksum,131,2810.55
ip4-input-no-checksum,132,2806.2
ip4-input-no-checksum,133,2933.86
ip4-input-no-checksum,134,2962.01
ip4-input-no-checksum,135,2920.91
ip4-input-no-checksum,136,2903.6
ip4-input-no-checksum,137,2926.82
ip4-input-no-checksum,138,2797.64
ip4-input-no-checksum,139,2973.97
ip4-input-no-checksum,140,3020.82
ip4-input-no-checksum,141,2928.95
ip4-input-no-checksum,142,2983.94
ip4-input-no-checksum,143,3183.05
ip4-input-no-checksum,144,3124.15
ip4-input-no-checksum,145,3012.05
ip4-input-no-checksum,146,3101.17
ip4-input-no-checksum,147,3131.77
ip4-input-no-checksum,148,3217.65
ip4-input-no-checksum,149,3191.99
ip4-input-no-checksum,150,3131.59
ip4-input-no-checksum,151,3173.06
ip4-input-no-checksum,152,3062.8
ip4-input-no-checksum,153,3099.64
ip4-input-no-checksum,154,3238.9
ip4-input-no-checksum,155,3353.64
ip4-input-no-checksum,156,3316.42
ip4-input-no-checksum,157,3287.72
ip4-input-no-checksum,158,3272.75
ip4-input-no-checksum,159,3242.88
ip4-input-no-checksum,160,3398.55
ip4-input-no-checksum,161,3461.5
ip4-input-no-checksum,162,3242.21
ip4-input-no-checksum,163,3291.86
ip4-input-no-checksum,164,3285.22
ip4-input-no-checksum,165,3542.25
ip4-input-no-checksum,166,3365.27
ip4-input-no-checksum,167,3451.59
ip4-input-no-checksum,168,3367.64
ip4-input-no-checksum,169,3172.59
ip4-input-no-checksum,170,3438.64
ip4-input-no-checksum,171,3549.8
ip4-input-no-checksum,172,3520.53
ip4-input-no-checksum,173,3567.73
ip4-input-no-checksum,174,3709.36
ip4-input-no-checksum,175,3616.93
ip4-input-no-checksum,176,3730.4
ip4-input-no-checksum,177,3620.45
ip4-input-no-checksum,178,3689.45
ip4-input-no-checksum,179,3614.99
ip4-input-no-checksum,180,3676.09
ip4-input-no-checksum,181,3461.21
ip4-input-no-checksum,182,3592.85
ip4-input-no-checksum,183,3651.68
ip4-input-no-checksum,184,3766.15
ip4-input-no-checksum,185,3876.59
ip4-input-no-checksum,186,3810.46
ip4-input-no-checksum,187,3822.45
ip4-input-no-checksum,188,4061.65
ip4-input-no-checksum,189,3725.88
ip4-input-no-checksum,190,3828.5
ip4-input-no-checksum,191,3915.5
ip4-input-no-checksum,192,3720.44
ip4-input-no-checksum,193,3945.1
ip4-input-no-checksum,194,3926.74
ip4-input-no-checksum,195,4048.02
ip4-input-no-checksum,196,3899.51
ip4-input-no-checksum,197,3906.87
ip4-input-no-checksum,198,4137.3
ip4-input-no-checksum,199,3986.33
ip4-input-no-checksum,200,3927.27
ip4-input-no-checksum,201,3894.83
ip4-input-no-checksum,202,4248.43
ip4-input-no-checksum,203,4041.55
ip4-input-no-checksum,204,4012.31
ip4-input-no-checksum,205,4053.41
ip4-input-no-checksum,206,4129.36
ip4-input-no-checksum,207,4218.1
ip4-input-no-checksum,208,3980.36
ip4-input-no-checksum,209,4284.5
ip4-input-no-checksum,210,3996.68
ip4-input-no-checksum,211,4194.1
ip4-input-no-checksum,212,4285.29
ip4-input-no-checksum,213,4366.5
ip4-input-no-checksum,214,4199.26
ip4-input-no-checksum,215,4355.7
ip4-input-no-checksum,216,4228.69
ip4-input-no-checksum,217,4376.5
ip4-input-no-checksum,218,4161.82
ip4-input-no-checksum,219,4476.56
ip4-input-no-checksum,220,4440.0
ip4-input-no-checksum,221,4286.4
ip4-input-no-checksum,222,4457.15
ip4-input-no-checksum,223,4300.86
ip4-input-no-checksum,224,4421.96
ip4-input-no-checksum,225,4312.84
ip4-input-no-checksum,226,4445.01
ip4-input-no-checksum,227,4357.37
ip4-input-no-checksum,228,4619.07
ip4-input-no-checksum,229,4593.53
ip4-input-no-checksum,230,4634.5
ip4-input-no-checksum,231,4616.85
ip4-input-no-checksum,232,4647.38
ip4-input-no-checksum,233,4578.45
ip4-input-no-checksum,234,4541.73
ip4-input-no-checksum,235,4703.2
ip4-input-no-checksum,236,4824.05
ip4-input-no-checksum,237,4646.28
ip4-input-no-checksum,238,4698.34
ip4-input-no-checksum,239,4576.85
ip4-input-no-checksum,240,4687.64
ip4-input-no-checksum,241,4754.27
ip4-input-no-checksum,242,4807.0
ip4-input-no-checksum,243,4543.0
ip4-input-no-checksum,244,4716.96
ip4-input-no-checksum,245,4810.91
ip4-input-no-checksum,246,5001.63
ip4-input-no-checksum,247,4992.77
ip4-input-no-checksum,248,4760.47
ip4-input-no-checksum,249,4960.76
ip4-input-no-checksum,250,4707.95
ip4-input-no-checksum,251,5057.65
ip4-input-no-checksum,252,4773.11
ip4-input-no-checksum,253,4910.5
ip4-input-no-checksum,254,5083.46
ip4-input-no-checksum,255,5146.36
ip4-input-no-checksum,256,4704.58
ip4-lookup,1,342.12
ip4-lookup,2,342.73
ip4-lookup,3,352.27
ip4-lookup,4,374.55
ip4-lookup,5,392.43
ip4-lookup,6,421.83
ip4-lookup,7,444.4
ip4-lookup,8,441.2
ip4-lookup,9,493.65
ip4-lookup,10,478.77
ip4-lookup,11,511.65
ip4-lookup,12,519.82
ip4-lookup,13,580.45
ip4-lookup,14,559.81
ip4-lookup,15,620.45
ip4-lookup,16,568.73
ip4-lookup,17,626.91
ip4-lookup,18,636.79
ip4-lookup,19,703.26
ip4-lookup,20,647.0
ip4-lookup,21,733.76
ip4-lookup,22,725.7
ip4-lookup,23,759.0
ip4-lookup,24,711.27
ip4-lookup,25,757.95
ip4-lookup,26,815.81
ip4-lookup,27,791.22
ip4-lookup,28,810.73
ip4-lookup,29,827.42
ip4-lookup,30,862.77
ip4-lookup,31,907.03
ip4-lookup,32,901.38
ip4-lookup,33,904.95
ip4-lookup,34,896.83
ip4-lookup,35,912.7
ip4-lookup,36,929.95
ip4-lookup,37,976.63
ip4-lookup,38,1035.15
ip4-lookup,39,1070.2
ip4-lookup,40,1010.91
ip4-lookup,41,971.51
ip4-lookup,42,1067.75
ip4-lookup,43,1116.05
ip4-lookup,44,1107.4
ip4-lookup,45,1082.66
ip4-lookup,46,1118.01
ip4-lookup,47,1150.86
ip4-lookup,48,1155.71
ip4-lookup,49,1169.32
ip4-lookup,50,1170.45
ip4-lookup,51,1288.21
ip4-lookup,52,1192.93
ip4-lookup,53,1272.72
ip4-lookup,54,1296.74
ip4-lookup,55,1255.75
ip4-lookup,56,1190.51
ip4-lookup,57,1298.82
ip4-lookup,58,1343.75
ip4-lookup,59,1340.91
ip4-lookup,60,1309.91
ip4-lookup,61,1374.44
ip4-lookup,62,1378.09
ip4-lookup,63,1423.23
ip4-lookup,64,1328.58
ip4-lookup,65,1410.2
ip4-lookup,66,1319.1
ip4-lookup,67,1395.73
ip4-lookup,68,1394.93
ip4-lookup,69,1319.47
ip4-lookup,70,1511.36
ip4-lookup,71,1466.15
ip4-lookup,72,1509.71
ip4-lookup,73,1478.91
ip4-lookup,74,1490.09
ip4-lookup,75,1545.34
ip4-lookup,76,1500.31
ip4-lookup,77,1489.95
ip4-lookup,78,1521.0
ip4-lookup,79,1503.51
ip4-lookup,80,1648.36
ip4-lookup,81,1582.08
ip4-lookup,82,1681.0
ip4-lookup,83,1550.59
ip4-lookup,84,1639.15
ip4-lookup,85,1644.75
ip4-lookup,86,1554.65
ip4-lookup,87,1643.9
ip4-lookup,88,1717.2
ip4-lookup,89,1746.42
ip4-lookup,90,1665.0
ip4-lookup,91,1723.62
ip4-lookup,92,1654.75
ip4-lookup,93,1713.31
ip4-lookup,94,1704.82
ip4-lookup,95,1871.07
ip4-lookup,96,1824.0
ip4-lookup,97,1837.27
ip4-lookup,98,1809.88
ip4-lookup,99,1875.15
ip4-lookup,100,1835.0
ip4-lookup,101,1931.4
ip4-lookup,102,1910.18
ip4-lookup,103,1935.0
ip4-lookup,104,1950.95
ip4-lookup,105,1941.07
ip4-lookup,106,1962.45
ip4-lookup,107,1966.37
ip4-lookup,108,1971.98
ip4-lookup,109,2056.14
ip4-lookup,110,2041.5
ip4-lookup,111,1951.08
ip4-lookup,112,1934.55
ip4-lookup,113,2124.91
ip4-lookup,114,2043.19
ip4-lookup,115,1958.66
ip4-lookup,116,2063.22
ip4-lookup,117,2104.4
ip4-lookup,118,2138.48
ip4-lookup,119,2026.79
ip4-lookup,120,2109.27
ip4-lookup,121,2091.65
ip4-lookup,122,2290.27
ip4-lookup,123,2152.5
ip4-lookup,124,2055.58
ip4-lookup,125,2177.84
ip4-lookup,126,2136.27
ip4-lookup,127,2235.78
ip4-lookup,128,2150.98
ip4-lookup,129,2198.86
ip4-lookup,130,2208.23
ip4-lookup,131,2145.42
ip4-lookup,132,2263.8
ip4-lookup,133,2250.72
ip4-lookup,134,2288.35
ip4-lookup,135,2296.84
ip4-lookup,136,2258.22
ip4-lookup,137,2374.46
ip4-lookup,138,2270.73
ip4-lookup,139,2373.74
ip4-lookup,140,2348.18
ip4-lookup,141,2446.35
ip4-lookup,142,2347.52
ip4-lookup,143,2400.45
ip4-lookup,144,2439.49
ip4-lookup,145,2530.91
ip4-lookup,146,2488.64
ip4-lookup,147,2434.19
ip4-lookup,148,2417.11
ip4-lookup,149,2449.7
ip4-lookup,150,2572.5
ip4-lookup,151,2498.36
ip4-lookup,152,2353.93
ip4-lookup,153,2494.6
ip4-lookup,154,2522.1
ip4-lookup,155,2658.25
ip4-lookup,156,2446.36
ip4-lookup,157,2497.73
ip4-lookup,158,2695.34
ip4-lookup,159,2575.08
ip4-lookup,160,2656.73
ip4-lookup,161,2837.26
ip4-lookup,162,2734.12
ip4-lookup,163,2645.05
ip4-lookup,164,2467.45
ip4-lookup,165,2617.5
ip4-lookup,166,2718.63
ip4-lookup,167,2616.59
ip4-lookup,168,2639.89
ip4-lookup,169,2719.36
ip4-lookup,170,2774.09
ip4-lookup,171,2844.82
ip4-lookup,172,2530.75
ip4-lookup,173,2841.13
ip4-lookup,174,2746.83
ip4-lookup,175,2823.86
ip4-lookup,176,2669.6
ip4-lookup,177,2872.23
ip4-lookup,178,2688.61
ip4-lookup,179,2687.44
ip4-lookup,180,2844.82
ip4-lookup,181,2819.49
ip4-lookup,182,2936.82
ip4-lookup,183,2963.77
ip4-lookup,184,2927.27
ip4-lookup,185,2859.09
ip4-lookup,186,2902.45
ip4-lookup,187,3057.45
ip4-lookup,188,3078.93
ip4-lookup,189,3072.97
ip4-lookup,190,2968.32
ip4-lookup,191,3027.35
ip4-lookup,192,3106.91
ip4-lookup,193,3102.91
ip4-lookup,194,2930.28
ip4-lookup,195,3099.61
ip4-lookup,196,2892.78
ip4-lookup,197,3154.69
ip4-lookup,198,3165.3
ip4-lookup,199,3023.9
ip4-lookup,200,3148.18
ip4-lookup,201,3048.8
ip4-lookup,202,3121.82
ip4-lookup,203,3291.37
ip4-lookup,204,3029.4
ip4-lookup,205,3239.93
ip4-lookup,206,3233.26
ip4-lookup,207,2945.05
ip4-lookup,208,3217.38
ip4-lookup,209,3182.5
ip4-lookup,210,3318.95
ip4-lookup,211,3206.24
ip4-lookup,212,3167.47
ip4-lookup,213,3117.55
ip4-lookup,214,3047.55
ip4-lookup,215,3270.93
ip4-lookup,216,3345.05
ip4-lookup,217,3340.81
ip4-lookup,218,3223.43
ip4-lookup,219,3198.4
ip4-lookup,220,3440.0
ip4-lookup,221,3455.64
ip4-lookup,222,3478.34
ip4-lookup,223,3307.5
ip4-lookup,224,3454.69
ip4-lookup,225,3433.3
ip4-lookup,226,3510.19
ip4-lookup,227,3477.23
ip4-lookup,228,3396.16
ip4-lookup,229,3234.1
ip4-lookup,230,3453.14
ip4-lookup,231,3514.35
ip4-lookup,232,3409.35
ip4-lookup,233,3460.05
ip4-lookup,234,3722.73
ip4-lookup,235,3560.25
ip4-lookup,236,3679.45
ip4-lookup,237,3271.68
ip4-lookup,238,3764.73
ip4-lookup,239,3563.27
ip4-lookup,240,3654.55
ip4-lookup,241,3662.1
ip4-lookup,242,3608.0
ip4-lookup,243,3523.5
ip4-lookup,244,3574.6
ip4-lookup,245,3867.66
ip4-lookup,246,3690.0
ip4-lookup,247,3708.37
ip4-lookup,248,3644.47
ip4-lookup,249,3689.73
ip4-lookup,250,3860.23
ip4-lookup,251,3985.2
ip4-lookup,252,3745.64
ip4-lookup,253,3887.0
ip4-lookup,254,3882.74
ip4-lookup,255,3909.61
ip4-lookup,256,3808.58
ip4-mfib-forward-lookup,1,470.45
ip4-mfib-forward-lookup,2,650.91
ip4-mfib-forward-lookup,3,848.63
ip4-mfib-forward-lookup,4,989.09
ip4-mfib-forward-lookup,5,1177.66
ip4-mfib-forward-lookup,6,1306.36
ip4-mfib-forward-lookup,7,1515.09
ip4-mfib-forward-lookup,8,1643.64
ip4-mfib-forward-lookup,9,1843.65
ip4-mfib-forward-lookup,10,1950.0
ip4-mfib-forward-lookup,11,2159.15
ip4-mfib-forward-lookup,12,2323.64
ip4-mfib-forward-lookup,13,2515.32
ip4-mfib-forward-lookup,14,2583.64
ip4-mfib-forward-lookup,15,2843.18
ip4-mfib-forward-lookup,16,2974.55
ip4-mfib-forward-lookup,17,3123.13
ip4-mfib-forward-lookup,18,3231.82
ip4-mfib-forward-lookup,19,3430.1
ip4-mfib-forward-lookup,20,3572.73
ip4-mfib-forward-lookup,21,3797.47
ip4-mfib-forward-lookup,22,3850.0
ip4-mfib-forward-lookup,23,4082.5
ip4-mfib-forward-lookup,24,4178.18
ip4-mfib-forward-lookup,25,4446.93
ip4-mfib-forward-lookup,26,4632.73
ip4-mfib-forward-lookup,27,4706.59
ip4-mfib-forward-lookup,28,4823.64
ip4-mfib-forward-lookup,29,5092.53
ip4-mfib-forward-lookup,30,5427.27
ip4-mfib-forward-lookup,31,5408.51
ip4-mfib-forward-lookup,32,5454.55
ip4-mfib-forward-lookup,33,5815.05
ip4-mfib-forward-lookup,34,5764.55
ip4-mfib-forward-lookup,35,6127.7
ip4-mfib-forward-lookup,36,6038.18
ip4-mfib-forward-lookup,37,6620.81
ip4-mfib-forward-lookup,38,6390.91
ip4-mfib-forward-lookup,39,7144.09
ip4-mfib-forward-lookup,40,6872.73
ip4-mfib-forward-lookup,41,7184.32
ip4-mfib-forward-lookup,42,7044.55
ip4-mfib-forward-lookup,43,7456.59
ip4-mfib-forward-lookup,44,7360.0
ip4-mfib-forward-lookup,45,7871.52
ip4-mfib-forward-lookup,46,7715.45
ip4-mfib-forward-lookup,47,8324.77
ip4-mfib-forward-lookup,48,8552.73
ip4-mfib-forward-lookup,49,8519.32
ip4-mfib-forward-lookup,50,8863.64
ip4-mfib-forward-lookup,51,8797.5
ip4-mfib-forward-lookup,52,9100.0
ip4-mfib-forward-lookup,53,9367.27
ip4-mfib-forward-lookup,54,9499.09
ip4-mfib-forward-lookup,55,9633.25
ip4-mfib-forward-lookup,56,9800.0
ip4-mfib-forward-lookup,57,9949.09
ip4-mfib-forward-lookup,58,9649.09
ip4-mfib-forward-lookup,59,10325.0
ip4-mfib-forward-lookup,60,9872.73
ip4-mfib-forward-lookup,61,10596.53
ip4-mfib-forward-lookup,62,10201.82
ip4-mfib-forward-lookup,63,11110.91
ip4-mfib-forward-lookup,64,10705.45
ip4-mfib-forward-lookup,65,11389.77
ip4-mfib-forward-lookup,66,11010.0
ip4-mfib-forward-lookup,67,11587.95
ip4-mfib-forward-lookup,68,11467.27
ip4-mfib-forward-lookup,69,12111.7
ip4-mfib-forward-lookup,70,11995.45
ip4-mfib-forward-lookup,71,12559.58
ip4-mfib-forward-lookup,72,11945.45
ip4-mfib-forward-lookup,73,12863.6
ip4-mfib-forward-lookup,74,12411.82
ip4-mfib-forward-lookup,75,13142.05
ip4-mfib-forward-lookup,76,13058.18
ip4-mfib-forward-lookup,77,13405.0
ip4-mfib-forward-lookup,78,12728.18
ip4-mfib-forward-lookup,79,13735.23
ip4-mfib-forward-lookup,80,13163.64
ip4-mfib-forward-lookup,81,13855.79
ip4-mfib-forward-lookup,82,13790.91
ip4-mfib-forward-lookup,83,14455.96
ip4-mfib-forward-lookup,84,14012.73
ip4-mfib-forward-lookup,85,14437.25
ip4-mfib-forward-lookup,86,14111.82
ip4-mfib-forward-lookup,87,15066.82
ip4-mfib-forward-lookup,88,15040.0
ip4-mfib-forward-lookup,89,15339.15
ip4-mfib-forward-lookup,90,15259.09
ip4-mfib-forward-lookup,91,15683.85
ip4-mfib-forward-lookup,92,14970.91
ip4-mfib-forward-lookup,93,16014.18
ip4-mfib-forward-lookup,94,15424.55
ip4-mfib-forward-lookup,95,16509.7
ip4-mfib-forward-lookup,96,15709.09
ip4-mfib-forward-lookup,97,16864.77
ip4-mfib-forward-lookup,98,16080.91
ip4-mfib-forward-lookup,99,16942.5
ip4-mfib-forward-lookup,100,16500.0
ip4-mfib-forward-lookup,101,17437.65
ip4-mfib-forward-lookup,102,17015.45
ip4-mfib-forward-lookup,103,17829.77
ip4-mfib-forward-lookup,104,17065.45
ip4-mfib-forward-lookup,105,17985.07
ip4-mfib-forward-lookup,106,17490.0
ip4-mfib-forward-lookup,107,18441.45
ip4-mfib-forward-lookup,108,17918.18
ip4-mfib-forward-lookup,109,19174.09
ip4-mfib-forward-lookup,110,18850.0
ip4-mfib-forward-lookup,111,19156.08
ip4-mfib-forward-lookup,112,18327.27
ip4-mfib-forward-lookup,113,19877.73
ip4-mfib-forward-lookup,114,18602.73
ip4-mfib-forward-lookup,115,20926.34
ip4-mfib-forward-lookup,116,19087.27
ip4-mfib-forward-lookup,117,21175.4
ip4-mfib-forward-lookup,118,19201.82
ip4-mfib-forward-lookup,119,20509.65
ip4-mfib-forward-lookup,120,20454.55
ip4-mfib-forward-lookup,121,21202.5
ip4-mfib-forward-lookup,122,19908.18
ip4-mfib-forward-lookup,123,21068.22
ip4-mfib-forward-lookup,124,20910.91
ip4-mfib-forward-lookup,125,22017.05
ip4-mfib-forward-lookup,126,20274.55
ip4-mfib-forward-lookup,127,21897.69
ip4-mfib-forward-lookup,128,21003.64
ip4-mfib-forward-lookup,129,22037.3
ip4-mfib-forward-lookup,130,21213.64
ip4-mfib-forward-lookup,131,22657.05
ip4-mfib-forward-lookup,132,21120.0
ip4-mfib-forward-lookup,133,23063.41
ip4-mfib-forward-lookup,134,21500.91
ip4-mfib-forward-lookup,135,23215.7
ip4-mfib-forward-lookup,136,21883.64
ip4-mfib-forward-lookup,137,23819.32
ip4-mfib-forward-lookup,138,22393.64
ip4-mfib-forward-lookup,139,23935.17
ip4-mfib-forward-lookup,140,23545.45
ip4-mfib-forward-lookup,141,24429.53
ip4-mfib-forward-lookup,142,23107.27
ip4-mfib-forward-lookup,143,24526.45
ip4-mfib-forward-lookup,144,23432.73
ip4-mfib-forward-lookup,145,25001.3
ip4-mfib-forward-lookup,146,23492.73
ip4-mfib-forward-lookup,147,25179.1
ip4-mfib-forward-lookup,148,23814.55
ip4-mfib-forward-lookup,149,25871.82
ip4-mfib-forward-lookup,150,24340.91
ip4-mfib-forward-lookup,151,26001.51
ip4-mfib-forward-lookup,152,24596.36
ip4-mfib-forward-lookup,153,26032.95
ip4-mfib-forward-lookup,154,25340.0
ip4-mfib-forward-lookup,155,26878.41
ip4-mfib-forward-lookup,156,25456.36
ip4-mfib-forward-lookup,157,27070.37
ip4-mfib-forward-lookup,158,26141.82
ip4-mfib-forward-lookup,159,27186.83
ip4-mfib-forward-lookup,160,25600.0
ip4-mfib-forward-lookup,161,27711.76
ip4-mfib-forward-lookup,162,27245.45
ip4-mfib-forward-lookup,163,28956.95
ip4-mfib-forward-lookup,164,26538.18
ip4-mfib-forward-lookup,165,28500.0
ip4-mfib-forward-lookup,166,27465.45
ip4-mfib-forward-lookup,167,29010.18
ip4-mfib-forward-lookup,168,27109.09
ip4-mfib-forward-lookup,169,29498.18
ip4-mfib-forward-lookup,170,27277.27
ip4-mfib-forward-lookup,171,29717.47
ip4-mfib-forward-lookup,172,28067.27
ip4-mfib-forward-lookup,173,30484.96
ip4-mfib-forward-lookup,174,28235.45
ip4-mfib-forward-lookup,175,30041.93
ip4-mfib-forward-lookup,176,28560.0
ip4-mfib-forward-lookup,177,30357.91
ip4-mfib-forward-lookup,178,28641.82
ip4-mfib-forward-lookup,179,31623.6
ip4-mfib-forward-lookup,180,28963.64
ip4-mfib-forward-lookup,181,31113.08
ip4-mfib-forward-lookup,182,29616.36
ip4-mfib-forward-lookup,183,31415.28
ip4-mfib-forward-lookup,184,29774.55
ip4-mfib-forward-lookup,185,32164.77
ip4-mfib-forward-lookup,186,29929.09
ip4-mfib-forward-lookup,187,32158.05
ip4-mfib-forward-lookup,188,30421.82
ip4-mfib-forward-lookup,189,32602.5
ip4-mfib-forward-lookup,190,31177.27
ip4-mfib-forward-lookup,191,34683.86
ip4-mfib-forward-lookup,192,31156.36
ip4-mfib-forward-lookup,193,35500.6
ip4-mfib-forward-lookup,194,32891.82
ip4-mfib-forward-lookup,195,34435.23
ip4-mfib-forward-lookup,196,31894.55
ip4-mfib-forward-lookup,197,34161.59
ip4-mfib-forward-lookup,198,33300.0
ip4-mfib-forward-lookup,199,34553.64
ip4-mfib-forward-lookup,200,35272.73
ip4-mfib-forward-lookup,201,34748.33
ip4-mfib-forward-lookup,202,32962.73
ip4-mfib-forward-lookup,203,34863.4
ip4-mfib-forward-lookup,204,34030.91
ip4-mfib-forward-lookup,205,35409.09
ip4-mfib-forward-lookup,206,33428.18
ip4-mfib-forward-lookup,207,36601.36
ip4-mfib-forward-lookup,208,33469.09
ip4-mfib-forward-lookup,209,35751.35
ip4-mfib-forward-lookup,210,33409.09
ip4-mfib-forward-lookup,211,36109.77
ip4-mfib-forward-lookup,212,33630.91
ip4-mfib-forward-lookup,213,36742.5
ip4-mfib-forward-lookup,214,34823.64
ip4-mfib-forward-lookup,215,36989.77
ip4-mfib-forward-lookup,216,36032.73
ip4-mfib-forward-lookup,217,37465.05
ip4-mfib-forward-lookup,218,35276.36
ip4-mfib-forward-lookup,219,37976.59
ip4-mfib-forward-lookup,220,35600.0
ip4-mfib-forward-lookup,221,38926.14
ip4-mfib-forward-lookup,222,35419.09
ip4-mfib-forward-lookup,223,38805.04
ip4-mfib-forward-lookup,224,36145.45
ip4-mfib-forward-lookup,225,39426.14
ip4-mfib-forward-lookup,226,36468.18
ip4-mfib-forward-lookup,227,38951.14
ip4-mfib-forward-lookup,228,36790.91
ip4-mfib-forward-lookup,229,40057.3
ip4-mfib-forward-lookup,230,37427.27
ip4-mfib-forward-lookup,231,40180.35
ip4-mfib-forward-lookup,232,37014.55
ip4-mfib-forward-lookup,233,40845.96
ip4-mfib-forward-lookup,234,37652.73
ip4-mfib-forward-lookup,235,40893.2
ip4-mfib-forward-lookup,236,37652.73
ip4-mfib-forward-lookup,237,41079.64
ip4-mfib-forward-lookup,238,38404.55
ip4-mfib-forward-lookup,239,41336.14
ip4-mfib-forward-lookup,240,41781.82
ip4-mfib-forward-lookup,241,42065.45
ip4-mfib-forward-lookup,242,42240.0
ip4-mfib-forward-lookup,243,42525.0
ip4-mfib-forward-lookup,244,41812.73
ip4-mfib-forward-lookup,245,42763.64
ip4-mfib-forward-lookup,246,42602.73
ip4-mfib-forward-lookup,247,43112.73
ip4-mfib-forward-lookup,248,43738.18
ip4-mfib-forward-lookup,249,42858.56
ip4-mfib-forward-lookup,250,40454.55
ip4-mfib-forward-lookup,251,43620.38
ip4-mfib-forward-lookup,252,41809.09
ip4-mfib-forward-lookup,253,43757.5
ip4-mfib-forward-lookup,254,42602.73
ip4-mfib-forward-lookup,255,43639.77
ip4-mfib-forward-lookup,256,42007.27
ip4-mfib-forward-rpf,1,226.82
ip4-mfib-forward-rpf,2,194.09
ip4-mfib-forward-rpf,3,259.87
ip4-mfib-forward-rpf,4,218.18
ip4-mfib-forward-rpf,5,291.23
ip4-mfib-forward-rpf,6,242.18
ip4-mfib-forward-rpf,7,313.06
ip4-mfib-forward-rpf,8,259.82
ip4-mfib-forward-rpf,9,343.88
ip4-mfib-forward-rpf,10,290.68
ip4-mfib-forward-rpf,11,371.5
ip4-mfib-forward-rpf,12,325.64
ip4-mfib-forward-rpf,13,414.82
ip4-mfib-forward-rpf,14,338.55
ip4-mfib-forward-rpf,15,451.57
ip4-mfib-forward-rpf,16,353.45
ip4-mfib-forward-rpf,17,444.55
ip4-mfib-forward-rpf,18,389.86
ip4-mfib-forward-rpf,19,478.54
ip4-mfib-forward-rpf,20,409.09
ip4-mfib-forward-rpf,21,501.04
ip4-mfib-forward-rpf,22,430.0
ip4-mfib-forward-rpf,23,534.33
ip4-mfib-forward-rpf,24,463.64
ip4-mfib-forward-rpf,25,573.41
ip4-mfib-forward-rpf,26,473.91
ip4-mfib-forward-rpf,27,592.4
ip4-mfib-forward-rpf,28,498.91
ip4-mfib-forward-rpf,29,633.91
ip4-mfib-forward-rpf,30,520.23
ip4-mfib-forward-rpf,31,640.29
ip4-mfib-forward-rpf,32,541.82
ip4-mfib-forward-rpf,33,719.4
ip4-mfib-forward-rpf,34,567.18
ip4-mfib-forward-rpf,35,723.86
ip4-mfib-forward-rpf,36,588.27
ip4-mfib-forward-rpf,37,767.92
ip4-mfib-forward-rpf,38,636.5
ip4-mfib-forward-rpf,39,808.36
ip4-mfib-forward-rpf,40,575.45
ip4-mfib-forward-rpf,41,837.33
ip4-mfib-forward-rpf,42,651.0
ip4-mfib-forward-rpf,43,924.7
ip4-mfib-forward-rpf,44,677.0
ip4-mfib-forward-rpf,45,920.25
ip4-mfib-forward-rpf,46,697.32
ip4-mfib-forward-rpf,47,978.67
ip4-mfib-forward-rpf,48,728.73
ip4-mfib-forward-rpf,49,994.7
ip4-mfib-forward-rpf,50,753.41
ip4-mfib-forward-rpf,51,1022.55
ip4-mfib-forward-rpf,52,764.64
ip4-mfib-forward-rpf,53,1070.36
ip4-mfib-forward-rpf,54,824.73
ip4-mfib-forward-rpf,55,1116.75
ip4-mfib-forward-rpf,56,817.09
ip4-mfib-forward-rpf,57,1152.95
ip4-mfib-forward-rpf,58,830.45
ip4-mfib-forward-rpf,59,1182.68
ip4-mfib-forward-rpf,60,834.55
ip4-mfib-forward-rpf,61,1238.58
ip4-mfib-forward-rpf,62,862.36
ip4-mfib-forward-rpf,63,1262.0
ip4-mfib-forward-rpf,64,862.55
ip4-mfib-forward-rpf,65,1288.18
ip4-mfib-forward-rpf,66,945.0
ip4-mfib-forward-rpf,67,1342.74
ip4-mfib-forward-rpf,68,939.64
ip4-mfib-forward-rpf,69,1386.59
ip4-mfib-forward-rpf,70,968.86
ip4-mfib-forward-rpf,71,1512.3
ip4-mfib-forward-rpf,72,988.36
ip4-mfib-forward-rpf,73,1464.31
ip4-mfib-forward-rpf,74,1010.77
ip4-mfib-forward-rpf,75,1480.91
ip4-mfib-forward-rpf,76,1024.27
ip4-mfib-forward-rpf,77,1519.35
ip4-mfib-forward-rpf,78,1037.05
ip4-mfib-forward-rpf,79,1563.12
ip4-mfib-forward-rpf,80,1114.55
ip4-mfib-forward-rpf,81,1591.65
ip4-mfib-forward-rpf,82,1090.23
ip4-mfib-forward-rpf,83,1633.21
ip4-mfib-forward-rpf,84,1107.27
ip4-mfib-forward-rpf,85,1655.95
ip4-mfib-forward-rpf,86,1172.73
ip4-mfib-forward-rpf,87,1851.12
ip4-mfib-forward-rpf,88,1178.0
ip4-mfib-forward-rpf,89,1811.15
ip4-mfib-forward-rpf,90,1208.86
ip4-mfib-forward-rpf,91,1884.53
ip4-mfib-forward-rpf,92,1193.91
ip4-mfib-forward-rpf,93,1857.46
ip4-mfib-forward-rpf,94,1219.86
ip4-mfib-forward-rpf,95,1870.2
ip4-mfib-forward-rpf,96,1239.27
ip4-mfib-forward-rpf,97,1926.77
ip4-mfib-forward-rpf,98,1298.5
ip4-mfib-forward-rpf,99,1955.7
ip4-mfib-forward-rpf,100,1281.82
ip4-mfib-forward-rpf,101,2041.58
ip4-mfib-forward-rpf,102,1356.14
ip4-mfib-forward-rpf,103,1993.99
ip4-mfib-forward-rpf,104,1349.64
ip4-mfib-forward-rpf,105,2074.7
ip4-mfib-forward-rpf,106,1423.77
ip4-mfib-forward-rpf,107,2162.86
ip4-mfib-forward-rpf,108,1418.73
ip4-mfib-forward-rpf,109,2134.91
ip4-mfib-forward-rpf,110,1417.5
ip4-mfib-forward-rpf,111,2178.12
ip4-mfib-forward-rpf,112,1412.73
ip4-mfib-forward-rpf,113,2270.79
ip4-mfib-forward-rpf,114,1500.14
ip4-mfib-forward-rpf,115,2245.64
ip4-mfib-forward-rpf,116,1542.27
ip4-mfib-forward-rpf,117,2327.24
ip4-mfib-forward-rpf,118,1499.14
ip4-mfib-forward-rpf,119,2329.7
ip4-mfib-forward-rpf,120,1538.18
ip4-mfib-forward-rpf,121,2385.35
ip4-mfib-forward-rpf,122,1577.68
ip4-mfib-forward-rpf,123,2432.6
ip4-mfib-forward-rpf,124,1550.0
ip4-mfib-forward-rpf,125,2443.75
ip4-mfib-forward-rpf,126,1589.32
ip4-mfib-forward-rpf,127,2482.85
ip4-mfib-forward-rpf,128,1547.64
ip4-mfib-forward-rpf,129,2535.44
ip4-mfib-forward-rpf,130,1719.55
ip4-mfib-forward-rpf,131,2594.4
ip4-mfib-forward-rpf,132,1665.0
ip4-mfib-forward-rpf,133,2615.26
ip4-mfib-forward-rpf,134,1693.27
ip4-mfib-forward-rpf,135,2854.02
ip4-mfib-forward-rpf,136,1690.73
ip4-mfib-forward-rpf,137,2700.77
ip4-mfib-forward-rpf,138,1756.36
ip4-mfib-forward-rpf,139,2701.65
ip4-mfib-forward-rpf,140,1750.0
ip4-mfib-forward-rpf,141,2837.3
ip4-mfib-forward-rpf,142,1768.55
ip4-mfib-forward-rpf,143,2789.15
ip4-mfib-forward-rpf,144,1773.82
ip4-mfib-forward-rpf,145,2821.57
ip4-mfib-forward-rpf,146,1821.68
ip4-mfib-forward-rpf,147,2872.51
ip4-mfib-forward-rpf,148,1880.27
ip4-mfib-forward-rpf,149,2908.21
ip4-mfib-forward-rpf,150,1878.41
ip4-mfib-forward-rpf,151,2953.42
ip4-mfib-forward-rpf,152,1896.55
ip4-mfib-forward-rpf,153,3032.18
ip4-mfib-forward-rpf,154,1890.0
ip4-mfib-forward-rpf,155,3092.95
ip4-mfib-forward-rpf,156,1932.27
ip4-mfib-forward-rpf,157,3053.65
ip4-mfib-forward-rpf,158,1917.55
ip4-mfib-forward-rpf,159,3165.55
ip4-mfib-forward-rpf,160,1927.27
ip4-mfib-forward-rpf,161,3110.96
ip4-mfib-forward-rpf,162,1995.55
ip4-mfib-forward-rpf,163,3393.36
ip4-mfib-forward-rpf,164,1990.36
ip4-mfib-forward-rpf,165,3263.25
ip4-mfib-forward-rpf,166,2086.32
ip4-mfib-forward-rpf,167,3513.83
ip4-mfib-forward-rpf,168,2042.73
ip4-mfib-forward-rpf,169,3429.16
ip4-mfib-forward-rpf,170,2059.32
ip4-mfib-forward-rpf,171,3337.61
ip4-mfib-forward-rpf,172,2048.36
ip4-mfib-forward-rpf,173,3316.1
ip4-mfib-forward-rpf,174,2088.0
ip4-mfib-forward-rpf,175,3396.59
ip4-mfib-forward-rpf,176,2108.0
ip4-mfib-forward-rpf,177,3422.54
ip4-mfib-forward-rpf,178,2172.41
ip4-mfib-forward-rpf,179,3483.18
ip4-mfib-forward-rpf,180,2184.55
ip4-mfib-forward-rpf,181,3529.5
ip4-mfib-forward-rpf,182,2212.95
ip4-mfib-forward-rpf,183,3510.27
ip4-mfib-forward-rpf,184,2270.73
ip4-mfib-forward-rpf,185,3562.93
ip4-mfib-forward-rpf,186,2248.91
ip4-mfib-forward-rpf,187,3664.35
ip4-mfib-forward-rpf,188,2350.0
ip4-mfib-forward-rpf,189,3702.68
ip4-mfib-forward-rpf,190,2262.73
ip4-mfib-forward-rpf,191,3664.6
ip4-mfib-forward-rpf,192,2299.64
ip4-mfib-forward-rpf,193,3683.67
ip4-mfib-forward-rpf,194,2297.14
ip4-mfib-forward-rpf,195,3799.84
ip4-mfib-forward-rpf,196,2325.27
ip4-mfib-forward-rpf,197,3802.1
ip4-mfib-forward-rpf,198,2416.5
ip4-mfib-forward-rpf,199,3817.18
ip4-mfib-forward-rpf,200,2390.91
ip4-mfib-forward-rpf,201,4227.4
ip4-mfib-forward-rpf,202,2414.82
ip4-mfib-forward-rpf,203,4003.71
ip4-mfib-forward-rpf,204,2415.55
ip4-mfib-forward-rpf,205,3968.61
ip4-mfib-forward-rpf,206,2443.91
ip4-mfib-forward-rpf,207,4403.45
ip4-mfib-forward-rpf,208,2496.0
ip4-mfib-forward-rpf,209,4038.45
ip4-mfib-forward-rpf,210,2481.82
ip4-mfib-forward-rpf,211,4124.09
ip4-mfib-forward-rpf,212,2486.18
ip4-mfib-forward-rpf,213,4101.22
ip4-mfib-forward-rpf,214,2558.27
ip4-mfib-forward-rpf,215,4162.2
ip4-mfib-forward-rpf,216,2596.91
ip4-mfib-forward-rpf,217,4629.0
ip4-mfib-forward-rpf,218,2655.64
ip4-mfib-forward-rpf,219,4385.97
ip4-mfib-forward-rpf,220,2605.0
ip4-mfib-forward-rpf,221,4298.45
ip4-mfib-forward-rpf,222,2653.91
ip4-mfib-forward-rpf,223,4388.03
ip4-mfib-forward-rpf,224,2652.36
ip4-mfib-forward-rpf,225,4432.5
ip4-mfib-forward-rpf,226,2691.45
ip4-mfib-forward-rpf,227,4443.01
ip4-mfib-forward-rpf,228,2710.09
ip4-mfib-forward-rpf,229,4420.74
ip4-mfib-forward-rpf,230,2728.64
ip4-mfib-forward-rpf,231,4557.0
ip4-mfib-forward-rpf,232,2741.82
ip4-mfib-forward-rpf,233,4523.38
ip4-mfib-forward-rpf,234,2781.41
ip4-mfib-forward-rpf,235,5006.57
ip4-mfib-forward-rpf,236,2773.0
ip4-mfib-forward-rpf,237,4627.96
ip4-mfib-forward-rpf,238,2791.09
ip4-mfib-forward-rpf,239,4685.49
ip4-mfib-forward-rpf,240,2852.73
ip4-mfib-forward-rpf,241,4645.82
ip4-mfib-forward-rpf,242,2865.5
ip4-mfib-forward-rpf,243,4793.73
ip4-mfib-forward-rpf,244,2878.09
ip4-mfib-forward-rpf,245,4843.2
ip4-mfib-forward-rpf,246,2952.0
ip4-mfib-forward-rpf,247,4933.26
ip4-mfib-forward-rpf,248,2914.0
ip4-mfib-forward-rpf,249,4794.38
ip4-mfib-forward-rpf,250,2914.77
ip4-mfib-forward-rpf,251,4811.21
ip4-mfib-forward-rpf,252,2932.36
ip4-mfib-forward-rpf,253,4867.95
ip4-mfib-forward-rpf,254,3024.91
ip4-mfib-forward-rpf,255,4995.68
ip4-mfib-forward-rpf,256,2699.64
ip4-rewrite,1,309.24
ip4-rewrite,2,344.85
ip4-rewrite,3,365.0
ip4-rewrite,4,385.45
ip4-rewrite,5,403.8
ip4-rewrite,6,442.72
ip4-rewrite,7,460.31
ip4-rewrite,8,458.18
ip4-rewrite,9,534.56
ip4-rewrite,10,496.95
ip4-rewrite,11,556.65
ip4-rewrite,12,573.27
ip4-rewrite,13,602.31
ip4-rewrite,14,627.01
ip4-rewrite,15,639.75
ip4-rewrite,16,660.36
ip4-rewrite,17,682.09
ip4-rewrite,18,723.03
ip4-rewrite,19,723.47
ip4-rewrite,20,750.64
ip4-rewrite,21,761.73
ip4-rewrite,22,786.7
ip4-rewrite,23,819.64
ip4-rewrite,24,828.76
ip4-rewrite,25,846.25
ip4-rewrite,26,837.55
ip4-rewrite,27,930.64
ip4-rewrite,28,966.38
ip4-rewrite,29,925.36
ip4-rewrite,30,917.32
ip4-rewrite,31,961.42
ip4-rewrite,32,945.89
ip4-rewrite,33,1034.55
ip4-rewrite,34,1052.45
ip4-rewrite,35,1027.73
ip4-rewrite,36,1052.67
ip4-rewrite,37,1075.19
ip4-rewrite,38,1112.36
ip4-rewrite,39,1179.4
ip4-rewrite,40,1116.36
ip4-rewrite,41,1188.44
ip4-rewrite,42,1247.97
ip4-rewrite,43,1202.63
ip4-rewrite,44,1270.6
ip4-rewrite,45,1182.27
ip4-rewrite,46,1326.26
ip4-rewrite,47,1234.82
ip4-rewrite,48,1362.98
ip4-rewrite,49,1343.71
ip4-rewrite,50,1375.68
ip4-rewrite,51,1335.97
ip4-rewrite,52,1393.84
ip4-rewrite,53,1447.14
ip4-rewrite,54,1489.91
ip4-rewrite,55,1390.0
ip4-rewrite,56,1455.24
ip4-rewrite,57,1601.18
ip4-rewrite,58,1582.61
ip4-rewrite,59,1547.41
ip4-rewrite,60,1628.18
ip4-rewrite,61,1576.85
ip4-rewrite,62,1575.36
ip4-rewrite,63,1636.0
ip4-rewrite,64,1621.24
ip4-rewrite,65,1704.77
ip4-rewrite,66,1769.1
ip4-rewrite,67,1721.6
ip4-rewrite,68,1652.71
ip4-rewrite,69,1805.6
ip4-rewrite,70,1772.27
ip4-rewrite,71,1759.83
ip4-rewrite,72,1764.98
ip4-rewrite,73,1834.95
ip4-rewrite,74,1882.63
ip4-rewrite,75,1831.7
ip4-rewrite,76,1875.82
ip4-rewrite,77,1999.55
ip4-rewrite,78,1941.85
ip4-rewrite,79,1920.06
ip4-rewrite,80,1979.27
ip4-rewrite,81,1973.45
ip4-rewrite,82,2019.06
ip4-rewrite,83,2052.36
ip4-rewrite,84,2092.36
ip4-rewrite,85,2114.57
ip4-rewrite,86,2122.64
ip4-rewrite,87,2177.77
ip4-rewrite,88,2176.0
ip4-rewrite,89,1970.14
ip4-rewrite,90,2241.82
ip4-rewrite,91,2149.67
ip4-rewrite,92,2355.62
ip4-rewrite,93,2230.73
ip4-rewrite,94,2171.83
ip4-rewrite,95,2281.3
ip4-rewrite,96,2267.78
ip4-rewrite,97,2398.55
ip4-rewrite,98,2364.03
ip4-rewrite,99,2236.5
ip4-rewrite,100,2353.18
ip4-rewrite,101,2257.35
ip4-rewrite,102,2492.97
ip4-rewrite,103,2495.41
ip4-rewrite,104,2470.95
ip4-rewrite,105,2559.61
ip4-rewrite,106,2381.63
ip4-rewrite,107,2493.59
ip4-rewrite,108,2556.16
ip4-rewrite,109,2574.88
ip4-rewrite,110,2506.5
ip4-rewrite,111,2578.23
ip4-rewrite,112,2479.27
ip4-rewrite,113,2590.27
ip4-rewrite,114,2749.99
ip4-rewrite,115,2589.07
ip4-rewrite,116,2534.6
ip4-rewrite,117,2609.63
ip4-rewrite,118,2744.57
ip4-rewrite,119,2818.14
ip4-rewrite,120,2718.0
ip4-rewrite,121,2825.35
ip4-rewrite,122,2861.45
ip4-rewrite,123,2920.13
ip4-rewrite,124,2835.09
ip4-rewrite,125,2839.2
ip4-rewrite,126,2756.54
ip4-rewrite,127,2971.22
ip4-rewrite,128,2864.29
ip4-rewrite,129,2833.9
ip4-rewrite,130,2964.59
ip4-rewrite,131,2917.73
ip4-rewrite,132,2875.8
ip4-rewrite,133,3012.45
ip4-rewrite,134,3039.36
ip4-rewrite,135,3184.77
ip4-rewrite,136,2967.27
ip4-rewrite,137,3103.05
ip4-rewrite,138,3092.45
ip4-rewrite,139,3102.23
ip4-rewrite,140,3143.64
ip4-rewrite,141,3023.17
ip4-rewrite,142,3098.18
ip4-rewrite,143,3087.5
ip4-rewrite,144,3100.58
ip4-rewrite,145,3155.07
ip4-rewrite,146,3243.19
ip4-rewrite,147,3107.05
ip4-rewrite,148,3321.25
ip4-rewrite,149,3273.26
ip4-rewrite,150,3286.36
ip4-rewrite,151,3225.91
ip4-rewrite,152,3459.38
ip4-rewrite,153,3372.95
ip4-rewrite,154,3535.0
ip4-rewrite,155,3419.16
ip4-rewrite,156,3573.82
ip4-rewrite,157,3411.18
ip4-rewrite,158,3555.0
ip4-rewrite,159,3550.76
ip4-rewrite,160,3597.82
ip4-rewrite,161,3510.53
ip4-rewrite,162,3451.34
ip4-rewrite,163,3687.5
ip4-rewrite,164,3660.18
ip4-rewrite,165,3842.25
ip4-rewrite,166,3548.63
ip4-rewrite,167,3668.69
ip4-rewrite,168,3708.98
ip4-rewrite,169,3641.18
ip4-rewrite,170,3649.59
ip4-rewrite,171,3860.71
ip4-rewrite,172,3859.84
ip4-rewrite,173,3698.27
ip4-rewrite,174,3540.9
ip4-rewrite,175,3815.8
ip4-rewrite,176,3677.6
ip4-rewrite,177,3856.19
ip4-rewrite,178,3695.12
ip4-rewrite,179,3775.27
ip4-rewrite,180,3872.45
ip4-rewrite,181,4047.82
ip4-rewrite,182,4299.34
ip4-rewrite,183,3807.23
ip4-rewrite,184,4025.42
ip4-rewrite,185,4011.14
ip4-rewrite,186,4047.19
ip4-rewrite,187,4065.55
ip4-rewrite,188,4153.09
ip4-rewrite,189,4014.53
ip4-rewrite,190,4018.5
ip4-rewrite,191,4193.32
ip4-rewrite,192,4023.27
ip4-rewrite,193,4322.32
ip4-rewrite,194,4447.01
ip4-rewrite,195,4352.05
ip4-rewrite,196,4359.22
ip4-rewrite,197,4322.36
ip4-rewrite,198,4070.7
ip4-rewrite,199,4136.49
ip4-rewrite,200,4372.73
ip4-rewrite,201,4278.56
ip4-rewrite,202,4453.18
ip4-rewrite,203,4370.96
ip4-rewrite,204,4336.85
ip4-rewrite,205,4479.25
ip4-rewrite,206,4341.92
ip4-rewrite,207,4438.27
ip4-rewrite,208,4282.91
ip4-rewrite,209,4693.0
ip4-rewrite,210,4400.45
ip4-rewrite,211,4591.17
ip4-rewrite,212,4391.29
ip4-rewrite,213,4611.45
ip4-rewrite,214,4837.37
ip4-rewrite,215,4727.07
ip4-rewrite,216,4673.45
ip4-rewrite,217,4642.81
ip4-rewrite,218,4759.34
ip4-rewrite,219,4775.2
ip4-rewrite,220,4860.0
ip4-rewrite,221,4942.36
ip4-rewrite,222,4705.39
ip4-rewrite,223,4690.1
ip4-rewrite,224,4869.96
ip4-rewrite,225,4650.34
ip4-rewrite,226,4660.74
ip4-rewrite,227,4736.05
ip4-rewrite,228,4950.71
ip4-rewrite,229,5107.74
ip4-rewrite,230,4753.68
ip4-rewrite,231,5166.0
ip4-rewrite,232,4864.62
ip4-rewrite,233,4762.73
ip4-rewrite,234,5116.09
ip4-rewrite,235,4906.16
ip4-rewrite,236,5285.33
ip4-rewrite,237,5221.54
ip4-rewrite,238,5138.64
ip4-rewrite,239,5254.74
ip4-rewrite,240,5468.73
ip4-rewrite,241,5200.12
ip4-rewrite,242,4961.0
ip4-rewrite,243,5044.46
ip4-rewrite,244,5109.58
ip4-rewrite,245,5482.43
ip4-rewrite,246,5263.28
ip4-rewrite,247,5374.5
ip4-rewrite,248,5151.64
ip4-rewrite,249,5138.45
ip4-rewrite,250,5159.09
ip4-rewrite,251,5377.1
ip4-rewrite,252,5231.29
ip4-rewrite,253,5447.55
ip4-rewrite,254,5437.91
ip4-rewrite,255,5247.2
ip4-rewrite,256,5709.96
ip4-sv-reassembly-feature,1,341.97
ip4-sv-reassembly-feature,2,344.55
ip4-sv-reassembly-feature,3,382.27
ip4-sv-reassembly-feature,4,404.24
ip4-sv-reassembly-feature,5,403.8
ip4-sv-reassembly-feature,6,458.18
ip4-sv-reassembly-feature,7,448.64
ip4-sv-reassembly-feature,8,463.02
ip4-sv-reassembly-feature,9,520.9
ip4-sv-reassembly-feature,10,554.55
ip4-sv-reassembly-feature,11,598.35
ip4-sv-reassembly-feature,12,583.25
ip4-sv-reassembly-feature,13,580.69
ip4-sv-reassembly-feature,14,648.01
ip4-sv-reassembly-feature,15,624.07
ip4-sv-reassembly-feature,16,692.15
ip4-sv-reassembly-feature,17,722.73
ip4-sv-reassembly-feature,18,738.0
ip4-sv-reassembly-feature,19,731.5
ip4-sv-reassembly-feature,20,779.36
ip4-sv-reassembly-feature,21,784.92
ip4-sv-reassembly-feature,22,813.7
ip4-sv-reassembly-feature,23,790.68
ip4-sv-reassembly-feature,24,880.69
ip4-sv-reassembly-feature,25,933.75
ip4-sv-reassembly-feature,26,923.0
ip4-sv-reassembly-feature,27,969.91
ip4-sv-reassembly-feature,28,952.89
ip4-sv-reassembly-feature,29,989.56
ip4-sv-reassembly-feature,30,1024.09
ip4-sv-reassembly-feature,31,1083.17
ip4-sv-reassembly-feature,32,1034.18
ip4-sv-reassembly-feature,33,1138.5
ip4-sv-reassembly-feature,34,1095.73
ip4-sv-reassembly-feature,35,1131.14
ip4-sv-reassembly-feature,36,1125.33
ip4-sv-reassembly-feature,37,1138.09
ip4-sv-reassembly-feature,38,1232.06
ip4-sv-reassembly-feature,39,1201.38
ip4-sv-reassembly-feature,40,1229.64
ip4-sv-reassembly-feature,41,1264.85
ip4-sv-reassembly-feature,42,1290.55
ip4-sv-reassembly-feature,43,1233.32
ip4-sv-reassembly-feature,44,1282.0
ip4-sv-reassembly-feature,45,1311.75
ip4-sv-reassembly-feature,46,1343.83
ip4-sv-reassembly-feature,47,1425.6
ip4-sv-reassembly-feature,48,1497.38
ip4-sv-reassembly-feature,49,1482.7
ip4-sv-reassembly-feature,50,1372.73
ip4-sv-reassembly-feature,51,1454.2
ip4-sv-reassembly-feature,52,1532.35
ip4-sv-reassembly-feature,53,1526.64
ip4-sv-reassembly-feature,54,1534.83
ip4-sv-reassembly-feature,55,1618.25
ip4-sv-reassembly-feature,56,1538.22
ip4-sv-reassembly-feature,57,1543.4
ip4-sv-reassembly-feature,58,1634.55
ip4-sv-reassembly-feature,59,1707.51
ip4-sv-reassembly-feature,60,1657.36
ip4-sv-reassembly-feature,61,1592.38
ip4-sv-reassembly-feature,62,1687.25
ip4-sv-reassembly-feature,63,1759.13
ip4-sv-reassembly-feature,64,1661.09
ip4-sv-reassembly-feature,65,1622.05
ip4-sv-reassembly-feature,66,1649.1
ip4-sv-reassembly-feature,67,1678.05
ip4-sv-reassembly-feature,68,1738.02
ip4-sv-reassembly-feature,69,1727.2
ip4-sv-reassembly-feature,70,1845.45
ip4-sv-reassembly-feature,71,1853.42
ip4-sv-reassembly-feature,72,1754.18
ip4-sv-reassembly-feature,73,1787.5
ip4-sv-reassembly-feature,74,1859.08
ip4-sv-reassembly-feature,75,1830.68
ip4-sv-reassembly-feature,76,1828.49
ip4-sv-reassembly-feature,77,1915.55
ip4-sv-reassembly-feature,78,1854.27
ip4-sv-reassembly-feature,79,1984.7
ip4-sv-reassembly-feature,80,1988.0
ip4-sv-reassembly-feature,81,1970.88
ip4-sv-reassembly-feature,82,1916.94
ip4-sv-reassembly-feature,83,2178.0
ip4-sv-reassembly-feature,84,2143.15
ip4-sv-reassembly-feature,85,2202.27
ip4-sv-reassembly-feature,86,2045.63
ip4-sv-reassembly-feature,87,2071.0
ip4-sv-reassembly-feature,88,2194.8
ip4-sv-reassembly-feature,89,2188.59
ip4-sv-reassembly-feature,90,2143.64
ip4-sv-reassembly-feature,91,2214.2
ip4-sv-reassembly-feature,92,2259.44
ip4-sv-reassembly-feature,93,2275.54
ip4-sv-reassembly-feature,94,2227.37
ip4-sv-reassembly-feature,95,2436.75
ip4-sv-reassembly-feature,96,2285.24
ip4-sv-reassembly-feature,97,2376.5
ip4-sv-reassembly-feature,98,2380.06
ip4-sv-reassembly-feature,99,2362.5
ip4-sv-reassembly-feature,100,2394.09
ip4-sv-reassembly-feature,101,2519.03
ip4-sv-reassembly-feature,102,2443.36
ip4-sv-reassembly-feature,103,2451.87
ip4-sv-reassembly-feature,104,2470.95
ip4-sv-reassembly-feature,105,2593.02
ip4-sv-reassembly-feature,106,2544.0
ip4-sv-reassembly-feature,107,2579.19
ip4-sv-reassembly-feature,108,2462.89
ip4-sv-reassembly-feature,109,2592.71
ip4-sv-reassembly-feature,110,2438.5
ip4-sv-reassembly-feature,111,2477.32
ip4-sv-reassembly-feature,112,2550.55
ip4-sv-reassembly-feature,113,2708.4
ip4-sv-reassembly-feature,114,2656.72
ip4-sv-reassembly-feature,115,2606.84
ip4-sv-reassembly-feature,116,2710.18
ip4-sv-reassembly-feature,117,2520.82
ip4-sv-reassembly-feature,118,2742.43
ip4-sv-reassembly-feature,119,2635.85
ip4-sv-reassembly-feature,120,2656.36
ip4-sv-reassembly-feature,121,2744.5
ip4-sv-reassembly-feature,122,2739.45
ip4-sv-reassembly-feature,123,2948.09
ip4-sv-reassembly-feature,124,2908.36
ip4-sv-reassembly-feature,125,2711.93
ip4-sv-reassembly-feature,126,2790.9
ip4-sv-reassembly-feature,127,2926.77
ip4-sv-reassembly-feature,128,2825.89
ip4-sv-reassembly-feature,129,2842.1
ip4-sv-reassembly-feature,130,2870.05
ip4-sv-reassembly-feature,131,2800.42
ip4-sv-reassembly-feature,132,2796.0
ip4-sv-reassembly-feature,133,3026.96
ip4-sv-reassembly-feature,134,2757.35
ip4-sv-reassembly-feature,135,2977.98
ip4-sv-reassembly-feature,136,2917.82
ip4-sv-reassembly-feature,137,3115.5
ip4-sv-reassembly-feature,138,2940.03
ip4-sv-reassembly-feature,139,3058.0
ip4-sv-reassembly-feature,140,3143.64
ip4-sv-reassembly-feature,141,2914.21
ip4-sv-reassembly-feature,142,2980.06
ip4-sv-reassembly-feature,143,3180.45
ip4-sv-reassembly-feature,144,3091.42
ip4-sv-reassembly-feature,145,3174.84
ip4-sv-reassembly-feature,146,3134.35
ip4-sv-reassembly-feature,147,3232.0
ip4-sv-reassembly-feature,148,3076.38
ip4-sv-reassembly-feature,149,3120.2
ip4-sv-reassembly-feature,150,3170.45
ip4-sv-reassembly-feature,151,3308.27
ip4-sv-reassembly-feature,152,3249.35
ip4-sv-reassembly-feature,153,3152.5
ip4-sv-reassembly-feature,154,3243.1
ip4-sv-reassembly-feature,155,3069.7
ip4-sv-reassembly-feature,156,3451.15
ip4-sv-reassembly-feature,157,3406.19
ip4-sv-reassembly-feature,158,3361.09
ip4-sv-reassembly-feature,159,3454.64
ip4-sv-reassembly-feature,160,3585.45
ip4-sv-reassembly-feature,161,3390.51
ip4-sv-reassembly-feature,162,3551.48
ip4-sv-reassembly-feature,163,3465.23
ip4-sv-reassembly-feature,164,3446.24
ip4-sv-reassembly-feature,165,3650.25
ip4-sv-reassembly-feature,166,3382.63
ip4-sv-reassembly-feature,167,3504.72
ip4-sv-reassembly-feature,168,3548.62
ip4-sv-reassembly-feature,169,3873.94
ip4-sv-reassembly-feature,170,3639.55
ip4-sv-reassembly-feature,171,3420.0
ip4-sv-reassembly-feature,172,3612.0
ip4-sv-reassembly-feature,173,3890.14
ip4-sv-reassembly-feature,174,3514.01
ip4-sv-reassembly-feature,175,3744.2
ip4-sv-reassembly-feature,176,3912.0
ip4-sv-reassembly-feature,177,3749.18
ip4-sv-reassembly-feature,178,3921.66
ip4-sv-reassembly-feature,179,3846.06
ip4-sv-reassembly-feature,180,3870.0
ip4-sv-reassembly-feature,181,3814.99
ip4-sv-reassembly-feature,182,3907.21
ip4-sv-reassembly-feature,183,3718.23
ip4-sv-reassembly-feature,184,3941.78
ip4-sv-reassembly-feature,185,4128.86
ip4-sv-reassembly-feature,186,3933.9
ip4-sv-reassembly-feature,187,3847.95
ip4-sv-reassembly-feature,188,3757.44
ip4-sv-reassembly-feature,189,3962.99
ip4-sv-reassembly-feature,190,4186.05
ip4-sv-reassembly-feature,191,4054.41
ip4-sv-reassembly-feature,192,4101.82
ip4-sv-reassembly-feature,193,3924.04
ip4-sv-reassembly-feature,194,3859.72
ip4-sv-reassembly-feature,195,4130.45
ip4-sv-reassembly-feature,196,4160.55
ip4-sv-reassembly-feature,197,3919.4
ip4-sv-reassembly-feature,198,3861.0
ip4-sv-reassembly-feature,199,4269.45
ip4-sv-reassembly-feature,200,4172.73
ip4-sv-reassembly-feature,201,4257.55
ip4-sv-reassembly-feature,202,4198.85
ip4-sv-reassembly-feature,203,4041.55
ip4-sv-reassembly-feature,204,4376.73
ip4-sv-reassembly-feature,205,4407.5
ip4-sv-reassembly-feature,206,4135.92
ip4-sv-reassembly-feature,207,4171.05
ip4-sv-reassembly-feature,208,4232.8
ip4-sv-reassembly-feature,209,4272.15
ip4-sv-reassembly-feature,210,4111.23
ip4-sv-reassembly-feature,211,4354.27
ip4-sv-reassembly-feature,212,4474.16
ip4-sv-reassembly-feature,213,4402.32
ip4-sv-reassembly-feature,214,4211.91
ip4-sv-reassembly-feature,215,4427.05
ip4-sv-reassembly-feature,216,4578.22
ip4-sv-reassembly-feature,217,4655.64
ip4-sv-reassembly-feature,218,4670.15
ip4-sv-reassembly-feature,219,4661.71
ip4-sv-reassembly-feature,220,4547.0
ip4-sv-reassembly-feature,221,4366.76
ip4-sv-reassembly-feature,222,4332.03
ip4-sv-reassembly-feature,223,4750.91
ip4-sv-reassembly-feature,224,4605.24
ip4-sv-reassembly-feature,225,4687.16
ip4-sv-reassembly-feature,226,4907.28
ip4-sv-reassembly-feature,227,4708.19
ip4-sv-reassembly-feature,228,4780.75
ip4-sv-reassembly-feature,229,4618.51
ip4-sv-reassembly-feature,230,4464.09
ip4-sv-reassembly-feature,231,4525.5
ip4-sv-reassembly-feature,232,4668.47
ip4-sv-reassembly-feature,233,4656.82
ip4-sv-reassembly-feature,234,4704.46
ip4-sv-reassembly-feature,235,4771.57
ip4-sv-reassembly-feature,236,4816.55
ip4-sv-reassembly-feature,237,4840.19
ip4-sv-reassembly-feature,238,4983.94
ip4-sv-reassembly-feature,239,5062.45
ip4-sv-reassembly-feature,240,5065.09
ip4-sv-reassembly-feature,241,4772.9
ip4-sv-reassembly-feature,242,4693.7
ip4-sv-reassembly-feature,243,4576.13
ip4-sv-reassembly-feature,244,4710.31
ip4-sv-reassembly-feature,245,4840.98
ip4-sv-reassembly-feature,246,4920.0
ip4-sv-reassembly-feature,247,5097.18
ip4-sv-reassembly-feature,248,5091.89
ip4-sv-reassembly-feature,249,5274.27
ip4-sv-reassembly-feature,250,4810.23
ip4-sv-reassembly-feature,251,5122.68
ip4-sv-reassembly-feature,252,5128.2
ip4-sv-reassembly-feature,253,5143.95
ip4-sv-reassembly-feature,254,5064.99
ip4-sv-reassembly-feature,255,5061.75
ip4-sv-reassembly-feature,256,5100.22
ip6-input,1,277.42
ip6-input,2,299.7
ip6-input,3,320.45
ip6-input,4,332.73
ip6-input,5,336.36
ip6-input,6,370.91
ip6-input,7,394.55
ip6-input,8,412.11
ip6-input,9,432.29
ip6-input,10,405.32
ip6-input,11,465.85
ip6-input,12,478.75
ip6-input,13,484.55
ip6-input,14,524.36
ip6-input,15,556.36
ip6-input,16,541.31
ip6-input,17,580.55
ip6-input,18,565.94
ip6-input,19,617.76
ip6-input,20,601.82
ip6-input,21,626.18
ip6-input,22,632.7
ip6-input,23,679.55
ip6-input,24,679.31
ip6-input,25,707.16
ip6-input,26,705.55
ip6-input,27,717.1
ip6-input,28,788.71
ip6-input,29,782.6
ip6-input,30,781.77
ip6-input,31,766.55
ip6-input,32,878.11
ip6-input,33,828.45
ip6-input,34,865.45
ip6-input,35,892.02
ip6-input,36,910.31
ip6-input,37,944.0
ip6-input,38,893.0
ip6-input,39,985.1
ip6-input,40,983.64
ip6-input,41,974.68
ip6-input,42,1025.18
ip6-input,43,1056.04
ip6-input,44,1046.6
ip6-input,45,1066.3
ip6-input,46,1040.65
ip6-input,47,1106.0
ip6-input,48,1130.18
ip6-input,49,1153.73
ip6-input,50,1172.05
ip6-input,51,1177.64
ip6-input,52,1168.35
ip6-input,53,1222.13
ip6-input,54,1220.65
ip6-input,55,1269.25
ip6-input,56,1288.0
ip6-input,57,1305.04
ip6-input,58,1334.79
ip6-input,59,1399.91
ip6-input,60,1290.0
ip6-input,61,1337.29
ip6-input,62,1406.27
ip6-input,63,1456.73
ip6-input,64,1463.27
ip6-input,65,1399.57
ip6-input,66,1382.1
ip6-input,67,1416.14
ip6-input,68,1542.36
ip6-input,69,1550.3
ip6-input,70,1553.68
ip6-input,71,1666.24
ip6-input,72,1588.25
ip6-input,73,1608.32
ip6-input,74,1684.17
ip6-input,75,1650.0
ip6-input,76,1635.04
ip6-input,77,1704.5
ip6-input,78,1719.55
ip6-input,79,1764.21
ip6-input,80,1760.0
ip6-input,81,1660.5
ip6-input,82,1659.75
ip6-input,83,1738.1
ip6-input,84,1733.45
ip6-input,85,1732.07
ip6-input,86,1843.92
ip6-input,87,1870.5
ip6-input,88,1968.0
ip6-input,89,1859.7
ip6-input,90,1838.05
ip6-input,91,1893.21
ip6-input,92,1940.36
ip6-input,93,1958.5
ip6-input,94,2039.37
ip6-input,95,1892.66
ip6-input,96,2064.0
ip6-input,97,2113.28
ip6-input,98,2016.57
ip6-input,99,2145.15
ip6-input,100,1987.73
ip6-input,101,2041.58
ip6-input,102,2083.12
ip6-input,103,2183.13
ip6-input,104,2229.85
ip6-input,105,2004.55
ip6-input,106,2113.74
ip6-input,107,2133.68
ip6-input,108,2249.84
ip6-input,109,2259.27
ip6-input,110,2213.5
ip6-input,111,2364.8
ip6-input,112,2285.82
ip6-input,113,2356.05
ip6-input,114,2250.46
ip6-input,115,2211.14
ip6-input,116,2341.09
ip6-input,117,2279.9
ip6-input,118,2320.85
ip6-input,119,2430.3
ip6-input,120,2458.36
ip6-input,121,2328.15
ip6-input,122,2375.12
ip6-input,123,2519.82
ip6-input,124,2481.69
ip6-input,125,2632.39
ip6-input,126,2504.54
ip6-input,127,2495.55
ip6-input,128,2540.8
ip6-input,129,2634.53
ip6-input,130,2438.68
ip6-input,131,2663.47
ip6-input,132,2574.0
ip6-input,133,2634.0
ip6-input,134,2806.08
ip6-input,135,2657.05
ip6-input,136,2851.67
ip6-input,137,2640.36
ip6-input,138,2820.85
ip6-input,139,2794.53
ip6-input,140,2903.73
ip6-input,141,2728.35
ip6-input,142,2844.52
ip6-input,143,2788.5
ip6-input,144,2755.64
ip6-input,145,2805.75
ip6-input,146,2862.26
ip6-input,147,2706.14
ip6-input,148,2957.98
ip6-input,149,2941.4
ip6-input,150,2986.36
ip6-input,151,2946.56
ip6-input,152,3055.89
ip6-input,153,3113.55
ip6-input,154,3182.9
ip6-input,155,3168.34
ip6-input,156,3212.18
ip6-input,157,3194.95
ip6-input,158,2879.91
ip6-input,159,3102.67
ip6-input,160,3061.82
ip6-input,161,3100.71
ip6-input,162,3318.79
ip6-input,163,3131.82
ip6-input,164,3212.91
ip6-input,165,3127.5
ip6-input,166,3237.0
ip6-input,167,3203.36
ip6-input,168,3319.53
ip6-input,169,3349.27
ip6-input,170,3417.77
ip6-input,171,3381.14
ip6-input,172,3481.44
ip6-input,173,3300.37
ip6-input,174,3353.45
ip6-input,175,3553.3
ip6-input,176,3368.0
ip6-input,177,3459.55
ip6-input,178,3551.91
ip6-input,179,3479.92
ip6-input,180,3387.27
ip6-input,181,3268.7
ip6-input,182,3565.55
ip6-input,183,3651.68
ip6-input,184,3782.87
ip6-input,185,3562.93
ip6-input,186,3838.36
ip6-input,187,3652.45
ip6-input,188,3725.82
ip6-input,189,3554.06
ip6-input,190,3797.41
ip6-input,191,3852.12
ip6-input,192,3802.47
ip6-input,193,3623.14
ip6-input,194,3806.81
ip6-input,195,3858.34
ip6-input,196,3830.91
ip6-input,197,4137.0
ip6-input,198,3780.0
ip6-input,199,3941.1
ip6-input,200,3733.64
ip6-input,201,3916.76
ip6-input,202,3862.79
ip6-input,203,3946.5
ip6-input,204,4008.6
ip6-input,205,4158.7
ip6-input,206,3988.91
ip6-input,207,3920.77
ip6-input,208,3914.18
ip6-input,209,3980.5
ip6-input,210,4161.82
ip6-input,211,4069.42
ip6-input,212,4008.73
ip6-input,213,4250.32
ip6-input,214,4211.91
ip6-input,215,4263.84
ip6-input,216,4123.64
ip6-input,217,4340.0
ip6-input,218,4297.57
ip6-input,219,4280.45
ip6-input,220,4040.0
ip6-input,221,4199.0
ip6-input,222,4467.25
ip6-input,223,4439.73
ip6-input,224,4520.73
ip6-input,225,4339.43
ip6-input,226,4355.64
ip6-input,227,4175.77
ip6-input,228,4352.73
ip6-input,229,4361.41
ip6-input,230,4446.32
ip6-input,231,4389.0
ip6-input,232,4355.27
ip6-input,233,4529.73
ip6-input,234,4421.54
ip6-input,235,4553.66
ip6-input,236,4598.78
ip6-input,237,4657.05
ip6-input,238,4399.75
ip6-input,239,4809.33
ip6-input,240,4596.0
ip6-input,241,4546.14
ip6-input,242,4660.7
ip6-input,243,4900.87
ip6-input,244,4594.96
ip6-input,245,4881.07
ip6-input,246,4629.27
ip6-input,247,4617.78
ip6-input,248,4963.38
ip6-input,249,4745.71
ip6-input,250,5215.91
ip6-input,251,4799.8
ip6-input,252,4959.82
ip6-input,253,4803.55
ip6-input,254,5041.9
ip6-input,255,4845.0
ip6-input,256,4786.04
ip6-lookup,1,286.36
ip6-lookup,2,328.79
ip6-lookup,3,317.73
ip6-lookup,4,390.91
ip6-lookup,5,402.27
ip6-lookup,6,415.45
ip6-lookup,7,459.23
ip6-lookup,8,498.18
ip6-lookup,9,516.8
ip6-lookup,10,560.59
ip6-lookup,11,566.65
ip6-lookup,12,598.2
ip6-lookup,13,614.55
ip6-lookup,14,613.45
ip6-lookup,15,678.89
ip6-lookup,16,688.0
ip6-lookup,17,799.77
ip6-lookup,18,743.48
ip6-lookup,19,798.86
ip6-lookup,20,791.82
ip6-lookup,21,825.01
ip6-lookup,22,829.3
ip6-lookup,23,902.54
ip6-lookup,24,931.64
ip6-lookup,25,915.57
ip6-lookup,26,973.46
ip6-lookup,27,1071.04
ip6-lookup,28,1002.53
ip6-lookup,29,1043.08
ip6-lookup,30,1157.32
ip6-lookup,31,1136.15
ip6-lookup,32,1122.47
ip6-lookup,33,1146.45
ip6-lookup,34,1212.72
ip6-lookup,35,1212.75
ip6-lookup,36,1229.4
ip6-lookup,37,1307.95
ip6-lookup,38,1341.57
ip6-lookup,39,1352.59
ip6-lookup,40,1383.09
ip6-lookup,41,1382.26
ip6-lookup,42,1440.03
ip6-lookup,43,1386.36
ip6-lookup,44,1482.6
ip6-lookup,45,1477.43
ip6-lookup,46,1422.45
ip6-lookup,47,1547.37
ip6-lookup,48,1623.93
ip6-lookup,49,1588.05
ip6-lookup,50,1687.05
ip6-lookup,51,1610.44
ip6-lookup,52,1607.98
ip6-lookup,53,1700.1
ip6-lookup,54,1667.37
ip6-lookup,55,1758.25
ip6-lookup,56,1733.45
ip6-lookup,57,1818.04
ip6-lookup,58,1805.12
ip6-lookup,59,1891.49
ip6-lookup,60,1851.82
ip6-lookup,61,1734.9
ip6-lookup,62,1910.73
ip6-lookup,63,1990.23
ip6-lookup,64,1893.82
ip6-lookup,65,2020.91
ip6-lookup,66,1959.9
ip6-lookup,67,2059.64
ip6-lookup,68,1966.75
ip6-lookup,69,2094.15
ip6-lookup,70,2135.95
ip6-lookup,71,2149.36
ip6-lookup,72,2068.36
ip6-lookup,73,2157.81
ip6-lookup,74,2231.1
ip6-lookup,75,2075.11
ip6-lookup,76,2268.6
ip6-lookup,77,2278.5
ip6-lookup,78,2232.57
ip6-lookup,79,2225.29
ip6-lookup,80,2306.55
ip6-lookup,81,2437.36
ip6-lookup,82,2496.15
ip6-lookup,83,2414.55
ip6-lookup,84,2358.49
ip6-lookup,85,2391.59
ip6-lookup,86,2384.55
ip6-lookup,87,2407.13
ip6-lookup,88,2469.2
ip6-lookup,89,2464.9
ip6-lookup,90,2427.14
ip6-lookup,91,2408.6
ip6-lookup,92,2485.25
ip6-lookup,93,2399.82
ip6-lookup,94,2482.45
ip6-lookup,95,2724.77
ip6-lookup,96,2597.67
ip6-lookup,97,2842.54
ip6-lookup,98,2733.75
ip6-lookup,99,2689.65
ip6-lookup,100,2657.73
ip6-lookup,101,2727.0
ip6-lookup,102,2720.15
ip6-lookup,103,2913.5
ip6-lookup,104,2880.33
ip6-lookup,105,2869.84
ip6-lookup,106,2875.01
ip6-lookup,107,2999.4
ip6-lookup,108,3050.02
ip6-lookup,109,2938.05
ip6-lookup,110,2856.5
ip6-lookup,111,3056.03
ip6-lookup,112,2966.47
ip6-lookup,113,3070.0
ip6-lookup,114,2931.35
ip6-lookup,115,3064.75
ip6-lookup,116,3147.82
ip6-lookup,117,3222.82
ip6-lookup,118,3238.03
ip6-lookup,119,3198.4
ip6-lookup,120,3232.91
ip6-lookup,121,3179.0
ip6-lookup,122,3282.91
ip6-lookup,123,3388.09
ip6-lookup,124,3314.18
ip6-lookup,125,3251.7
ip6-lookup,126,3197.54
ip6-lookup,127,3334.9
ip6-lookup,128,3399.56
ip6-lookup,129,3389.18
ip6-lookup,130,3433.18
ip6-lookup,131,3191.64
ip6-lookup,132,3312.0
ip6-lookup,133,3411.45
ip6-lookup,134,3323.81
ip6-lookup,135,3462.75
ip6-lookup,136,3534.15
ip6-lookup,137,3700.87
ip6-lookup,138,3527.15
ip6-lookup,139,3596.94
ip6-lookup,140,3616.45
ip6-lookup,141,3696.12
ip6-lookup,142,3719.75
ip6-lookup,143,3789.5
ip6-lookup,144,3617.67
ip6-lookup,145,3721.89
ip6-lookup,146,3756.18
ip6-lookup,147,3648.27
ip6-lookup,148,3776.02
ip6-lookup,149,3777.15
ip6-lookup,150,3720.68
ip6-lookup,151,3903.35
ip6-lookup,152,3853.2
ip6-lookup,153,4089.27
ip6-lookup,154,3710.0
ip6-lookup,155,3985.61
ip6-lookup,156,3978.0
ip6-lookup,157,3872.9
ip6-lookup,158,4174.79
ip6-lookup,159,3852.14
ip6-lookup,160,4085.09
ip6-lookup,161,4183.8
ip6-lookup,162,3993.3
ip6-lookup,163,4171.32
ip6-lookup,164,4249.09
ip6-lookup,165,4307.25
ip6-lookup,166,3981.74
ip6-lookup,167,4089.22
ip6-lookup,168,4215.27
ip6-lookup,169,4194.27
ip6-lookup,170,4149.55
ip6-lookup,171,4350.4
ip6-lookup,172,4409.45
ip6-lookup,173,4432.73
ip6-lookup,174,4130.92
ip6-lookup,175,4311.36
ip6-lookup,176,4528.0
ip6-lookup,177,4580.28
ip6-lookup,178,4361.0
ip6-lookup,179,4355.4
ip6-lookup,180,4530.27
ip6-lookup,181,4599.05
ip6-lookup,182,4359.73
ip6-lookup,183,4456.05
ip6-lookup,184,4764.76
ip6-lookup,185,4641.82
ip6-lookup,186,4639.01
ip6-lookup,187,4813.55
ip6-lookup,188,4494.91
ip6-lookup,189,5045.44
ip6-lookup,190,4574.68
ip6-lookup,191,4809.73
ip6-lookup,192,4753.75
ip6-lookup,193,4989.05
ip6-lookup,194,4832.36
ip6-lookup,195,4523.11
ip6-lookup,196,4701.33
ip6-lookup,197,4802.32
ip6-lookup,198,4776.3
ip6-lookup,199,5071.79
ip6-lookup,200,4954.55
ip6-lookup,201,5027.74
ip6-lookup,202,4985.73
ip6-lookup,203,5026.1
ip6-lookup,204,4948.85
ip6-lookup,205,4947.95
ip6-lookup,206,4822.27
ip6-lookup,207,5337.78
ip6-lookup,208,5183.93
ip6-lookup,209,5436.85
ip6-lookup,210,5291.05
ip6-lookup,211,5054.41
ip6-lookup,212,5399.25
ip6-lookup,213,5247.55
ip6-lookup,214,5635.01
ip6-lookup,215,5332.98
ip6-lookup,216,5122.15
ip6-lookup,217,5289.87
ip6-lookup,218,5070.48
ip6-lookup,219,5465.05
ip6-lookup,220,5573.0
ip6-lookup,221,5270.85
ip6-lookup,222,5280.57
ip6-lookup,223,5649.0
ip6-lookup,224,5484.95
ip6-lookup,225,5668.98
ip6-lookup,226,5533.92
ip6-lookup,227,5207.59
ip6-lookup,228,5448.16
ip6-lookup,229,6006.05
ip6-lookup,230,5679.95
ip6-lookup,231,5848.5
ip6-lookup,232,5602.8
ip6-lookup,233,5740.27
ip6-lookup,234,5548.99
ip6-lookup,235,5380.43
ip6-lookup,236,6107.04
ip6-lookup,237,5781.72
ip6-lookup,238,5701.18
ip6-lookup,239,5711.01
ip6-lookup,240,5650.91
ip6-lookup,241,6273.67
ip6-lookup,242,5830.0
ip6-lookup,243,6008.73
ip6-lookup,244,5963.58
ip6-lookup,245,6050.39
ip6-lookup,246,6180.19
ip6-lookup,247,6025.68
ip6-lookup,248,6278.91
ip6-lookup,249,6024.67
ip6-lookup,250,6110.23
ip6-lookup,251,6267.01
ip6-lookup,252,5925.44
ip6-lookup,253,5715.5
ip6-lookup,254,5807.36
ip6-lookup,255,6262.57
ip6-lookup,256,6140.51
ip6-rewrite,1,304.4
ip6-rewrite,2,311.52
ip6-rewrite,3,335.45
ip6-rewrite,4,355.15
ip6-rewrite,5,381.82
ip6-rewrite,6,421.83
ip6-rewrite,7,396.68
ip6-rewrite,8,432.73
ip6-rewrite,9,451.35
ip6-rewrite,10,493.95
ip6-rewrite,11,492.85
ip6-rewrite,12,498.93
ip6-rewrite,13,508.36
ip6-rewrite,14,535.63
ip6-rewrite,15,566.8
ip6-rewrite,16,617.96
ip6-rewrite,17,639.82
ip6-rewrite,18,634.91
ip6-rewrite,19,674.24
ip6-rewrite,20,688.18
ip6-rewrite,21,671.05
ip6-rewrite,22,741.7
ip6-rewrite,23,732.13
ip6-rewrite,24,753.82
ip6-rewrite,25,807.95
ip6-rewrite,26,816.99
ip6-rewrite,27,814.05
ip6-rewrite,28,882.38
ip6-rewrite,29,837.97
ip6-rewrite,30,879.14
ip6-rewrite,31,942.68
ip6-rewrite,32,961.89
ip6-rewrite,33,946.05
ip6-rewrite,34,999.45
ip6-rewrite,35,962.98
ip6-rewrite,36,991.64
ip6-rewrite,37,966.54
ip6-rewrite,38,1021.34
ip6-rewrite,39,1048.21
ip6-rewrite,40,1095.82
ip6-rewrite,41,1067.86
ip6-rewrite,42,1086.85
ip6-rewrite,43,1188.95
ip6-rewrite,44,1170.6
ip6-rewrite,45,1163.25
ip6-rewrite,46,1198.72
ip6-rewrite,47,1233.32
ip6-rewrite,48,1232.73
ip6-rewrite,49,1209.41
ip6-rewrite,50,1252.27
ip6-rewrite,51,1309.08
ip6-rewrite,52,1328.36
ip6-rewrite,53,1289.59
ip6-rewrite,54,1407.19
ip6-rewrite,55,1490.75
ip6-rewrite,56,1423.67
ip6-rewrite,57,1482.0
ip6-rewrite,58,1469.25
ip6-rewrite,59,1494.58
ip6-rewrite,60,1435.36
ip6-rewrite,61,1434.33
ip6-rewrite,62,1473.91
ip6-rewrite,63,1621.68
ip6-rewrite,64,1511.85
ip6-rewrite,65,1575.66
ip6-rewrite,66,1556.1
ip6-rewrite,67,1447.5
ip6-rewrite,68,1608.2
ip6-rewrite,69,1624.64
ip6-rewrite,70,1517.73
ip6-rewrite,71,1671.73
ip6-rewrite,72,1725.71
ip6-rewrite,73,1693.27
ip6-rewrite,74,1651.55
ip6-rewrite,75,1676.25
ip6-rewrite,76,1754.91
ip6-rewrite,77,1634.5
ip6-rewrite,78,1720.61
ip6-rewrite,79,1839.62
ip6-rewrite,80,1788.0
ip6-rewrite,81,1810.35
ip6-rewrite,82,1878.55
ip6-rewrite,83,1887.5
ip6-rewrite,84,1845.33
ip6-rewrite,85,1920.23
ip6-rewrite,86,1786.45
ip6-rewrite,87,1937.73
ip6-rewrite,88,1888.0
ip6-rewrite,89,1982.27
ip6-rewrite,90,1995.14
ip6-rewrite,91,1934.58
ip6-rewrite,92,1991.8
ip6-rewrite,93,1983.86
ip6-rewrite,94,1953.92
ip6-rewrite,95,2023.93
ip6-rewrite,96,2087.13
ip6-rewrite,97,2020.69
ip6-rewrite,98,1945.3
ip6-rewrite,99,2149.65
ip6-rewrite,100,2118.18
ip6-rewrite,101,2052.14
ip6-rewrite,102,2087.75
ip6-rewrite,103,2083.41
ip6-rewrite,104,2185.42
ip6-rewrite,105,2181.14
ip6-rewrite,106,2152.28
ip6-rewrite,107,2198.36
ip6-rewrite,108,2284.2
ip6-rewrite,109,2262.74
ip6-rewrite,110,2235.0
ip6-rewrite,111,2145.83
ip6-rewrite,112,2263.93
ip6-rewrite,113,2263.6
ip6-rewrite,114,2276.37
ip6-rewrite,115,2232.05
ip6-rewrite,116,2258.31
ip6-rewrite,117,2492.63
ip6-rewrite,118,2277.94
ip6-rewrite,119,2352.95
ip6-rewrite,120,2510.73
ip6-rewrite,121,2454.65
ip6-rewrite,122,2366.25
ip6-rewrite,123,2447.14
ip6-rewrite,124,2457.45
ip6-rewrite,125,2450.57
ip6-rewrite,126,2388.27
ip6-rewrite,127,2638.14
ip6-rewrite,128,2555.93
ip6-rewrite,129,2619.29
ip6-rewrite,130,2550.95
ip6-rewrite,131,2562.24
ip6-rewrite,132,2518.2
ip6-rewrite,133,2516.72
ip6-rewrite,134,2633.1
ip6-rewrite,135,2522.05
ip6-rewrite,136,2749.05
ip6-rewrite,137,2578.09
ip6-rewrite,138,2824.61
ip6-rewrite,139,2683.33
ip6-rewrite,140,2715.36
ip6-rewrite,141,2570.05
ip6-rewrite,142,2594.73
ip6-rewrite,143,2806.05
ip6-rewrite,144,2703.27
ip6-rewrite,145,2623.18
ip6-rewrite,146,2705.65
ip6-rewrite,147,2846.45
ip6-rewrite,148,2830.16
ip6-rewrite,149,2864.86
ip6-rewrite,150,2670.68
ip6-rewrite,151,2793.5
ip6-rewrite,152,2869.35
ip6-rewrite,153,2967.5
ip6-rewrite,154,2839.9
ip6-rewrite,155,3135.23
ip6-rewrite,156,3231.33
ip6-rewrite,157,2768.91
ip6-rewrite,158,2966.09
ip6-rewrite,159,3015.94
ip6-rewrite,160,3023.27
ip6-rewrite,161,3059.0
ip6-rewrite,162,3043.39
ip6-rewrite,163,3183.69
ip6-rewrite,164,2969.15
ip6-rewrite,165,3140.25
ip6-rewrite,166,3276.99
ip6-rewrite,167,2939.96
ip6-rewrite,168,3357.71
ip6-rewrite,169,3195.64
ip6-rewrite,170,3026.77
ip6-rewrite,171,3145.62
ip6-rewrite,172,3199.98
ip6-rewrite,173,3216.23
ip6-rewrite,174,3076.64
ip6-rewrite,175,3205.68
ip6-rewrite,176,3192.0
ip6-rewrite,177,3569.77
ip6-rewrite,178,3400.61
ip6-rewrite,179,3468.53
ip6-rewrite,180,3324.27
ip6-rewrite,181,3167.5
ip6-rewrite,182,3372.79
ip6-rewrite,183,3316.46
ip6-rewrite,184,3487.64
ip6-rewrite,185,3641.14
ip6-rewrite,186,3474.82
ip6-rewrite,187,3340.5
ip6-rewrite,188,3264.36
ip6-rewrite,189,3502.51
ip6-rewrite,190,3517.59
ip6-rewrite,191,3574.3
ip6-rewrite,192,3662.84
ip6-rewrite,193,3608.22
ip6-rewrite,194,3489.35
ip6-rewrite,195,3474.55
ip6-rewrite,196,3569.87
ip6-rewrite,197,3525.4
ip6-rewrite,198,3732.3
ip6-rewrite,199,3769.24
ip6-rewrite,200,3481.82
ip6-rewrite,201,3590.59
ip6-rewrite,202,3608.45
ip6-rewrite,203,3654.0
ip6-rewrite,204,3477.27
ip6-rewrite,205,3801.82
ip6-rewrite,206,3857.82
ip6-rewrite,207,3822.91
ip6-rewrite,208,3731.71
ip6-rewrite,209,3768.65
ip6-rewrite,210,3576.68
ip6-rewrite,211,3772.1
ip6-rewrite,212,3854.55
ip6-rewrite,213,3705.23
ip6-rewrite,214,3489.17
ip6-rewrite,215,3980.43
ip6-rewrite,216,3907.64
ip6-rewrite,217,3935.59
ip6-rewrite,218,3930.94
ip6-rewrite,219,4064.44
ip6-rewrite,220,3917.0
ip6-rewrite,221,4011.15
ip6-rewrite,222,4006.09
ip6-rewrite,223,3976.5
ip6-rewrite,224,4171.49
ip6-rewrite,225,3681.82
ip6-rewrite,226,4071.08
ip6-rewrite,227,3820.82
ip6-rewrite,228,4297.8
ip6-rewrite,229,3764.97
ip6-rewrite,230,4132.68
ip6-rewrite,231,3919.65
ip6-rewrite,232,4162.29
ip6-rewrite,233,4212.0
ip6-rewrite,234,4013.1
ip6-rewrite,235,4184.07
ip6-rewrite,236,4047.4
ip6-rewrite,237,4201.36
ip6-rewrite,238,4208.27
ip6-rewrite,239,4005.42
ip6-rewrite,240,4246.91
ip6-rewrite,241,4330.33
ip6-rewrite,242,4209.7
ip6-rewrite,243,4448.0
ip6-rewrite,244,4211.22
ip6-rewrite,245,4295.3
ip6-rewrite,246,4439.18
ip6-rewrite,247,4479.68
ip6-rewrite,248,4441.45
ip6-rewrite,249,4191.12
ip6-rewrite,250,4371.59
ip6-rewrite,251,4221.36
ip6-rewrite,252,4482.16
ip6-rewrite,253,4654.05
ip6-rewrite,254,4591.63
ip6-rewrite,255,4338.48
ip6-rewrite,256,4584.73
l2-fwd,1,316.67
l2-fwd,2,324.85
l2-fwd,3,345.0
l2-fwd,4,348.49
l2-fwd,5,396.98
l2-fwd,6,418.17
l2-fwd,7,405.14
l2-fwd,8,486.07
l2-fwd,9,510.01
l2-fwd,10,503.05
l2-fwd,11,510.0
l2-fwd,12,579.98
l2-fwd,13,588.13
l2-fwd,14,599.65
l2-fwd,15,622.98
l2-fwd,16,672.0
l2-fwd,17,674.36
l2-fwd,18,671.48
l2-fwd,19,693.24
l2-fwd,20,762.73
l2-fwd,21,799.62
l2-fwd,22,758.0
l2-fwd,23,767.05
l2-fwd,24,854.95
l2-fwd,25,815.11
l2-fwd,26,812.74
l2-fwd,27,848.05
l2-fwd,28,877.29
l2-fwd,29,863.8
l2-fwd,30,902.73
l2-fwd,31,945.08
l2-fwd,32,932.8
l2-fwd,33,976.5
l2-fwd,34,952.0
l2-fwd,35,955.66
l2-fwd,36,990.49
l2-fwd,37,983.36
l2-fwd,38,1000.61
l2-fwd,39,1022.33
l2-fwd,40,1070.91
l2-fwd,41,1072.15
l2-fwd,42,1107.27
l2-fwd,43,1030.63
l2-fwd,44,1024.6
l2-fwd,45,1076.52
l2-fwd,46,1032.91
l2-fwd,47,1130.78
l2-fwd,48,1136.07
l2-fwd,49,1133.68
l2-fwd,50,1132.5
l2-fwd,51,1161.41
l2-fwd,52,1202.38
l2-fwd,53,1165.28
l2-fwd,54,1195.36
l2-fwd,55,1276.75
l2-fwd,56,1234.55
l2-fwd,57,1236.64
l2-fwd,58,1251.48
l2-fwd,59,1301.49
l2-fwd,60,1226.45
l2-fwd,61,1256.88
l2-fwd,62,1302.85
l2-fwd,63,1327.87
l2-fwd,64,1226.76
l2-fwd,65,1302.07
l2-fwd,66,1362.0
l2-fwd,67,1321.73
l2-fwd,68,1343.62
l2-fwd,69,1264.9
l2-fwd,70,1376.77
l2-fwd,71,1365.14
l2-fwd,72,1312.36
l2-fwd,73,1392.64
l2-fwd,74,1418.45
l2-fwd,75,1357.84
l2-fwd,76,1434.67
l2-fwd,77,1465.45
l2-fwd,78,1363.94
l2-fwd,79,1431.7
l2-fwd,80,1461.82
l2-fwd,81,1487.45
l2-fwd,82,1554.27
l2-fwd,83,1534.37
l2-fwd,84,1461.22
l2-fwd,85,1537.73
l2-fwd,86,1469.82
l2-fwd,87,1554.14
l2-fwd,88,1525.2
l2-fwd,89,1570.85
l2-fwd,90,1615.91
l2-fwd,91,1603.67
l2-fwd,92,1594.53
l2-fwd,93,1545.91
l2-fwd,94,1635.17
l2-fwd,95,1597.73
l2-fwd,96,1613.24
l2-fwd,97,1682.95
l2-fwd,98,1718.12
l2-fwd,99,1717.65
l2-fwd,100,1568.18
l2-fwd,101,1766.12
l2-fwd,102,1735.39
l2-fwd,103,1736.95
l2-fwd,104,1736.33
l2-fwd,105,1705.3
l2-fwd,106,1843.92
l2-fwd,107,1771.82
l2-fwd,108,1670.56
l2-fwd,109,1804.94
l2-fwd,110,1830.0
l2-fwd,111,1804.76
l2-fwd,112,1871.93
l2-fwd,113,1907.13
l2-fwd,114,1877.37
l2-fwd,115,1770.48
l2-fwd,116,1852.31
l2-fwd,117,1878.91
l2-fwd,118,1961.48
l2-fwd,119,1941.86
l2-fwd,120,2008.91
l2-fwd,121,1939.85
l2-fwd,122,2046.27
l2-fwd,123,1871.28
l2-fwd,124,1893.82
l2-fwd,125,1882.39
l2-fwd,126,2111.65
l2-fwd,127,2043.55
l2-fwd,128,1912.44
l2-fwd,129,2038.79
l2-fwd,130,2001.41
l2-fwd,131,2012.64
l2-fwd,132,2014.2
l2-fwd,133,1996.81
l2-fwd,134,2062.99
l2-fwd,135,2041.57
l2-fwd,136,1922.55
l2-fwd,137,1980.27
l2-fwd,138,2109.52
l2-fwd,139,2055.3
l2-fwd,140,2131.82
l2-fwd,141,2161.79
l2-fwd,142,2002.85
l2-fwd,143,2032.55
l2-fwd,144,2000.95
l2-fwd,145,2060.98
l2-fwd,146,2357.9
l2-fwd,147,2189.63
l2-fwd,148,2217.98
l2-fwd,149,2205.88
l2-fwd,150,2302.5
l2-fwd,151,2208.03
l2-fwd,152,2277.93
l2-fwd,153,2218.5
l2-fwd,154,2317.0
l2-fwd,155,2245.39
l2-fwd,156,2219.45
l2-fwd,157,2255.09
l2-fwd,158,2271.61
l2-fwd,159,2423.3
l2-fwd,160,2278.55
l2-fwd,161,2371.09
l2-fwd,162,2491.12
l2-fwd,163,2269.4
l2-fwd,164,2370.55
l2-fwd,165,2317.5
l2-fwd,166,2462.08
l2-fwd,167,2330.41
l2-fwd,168,2443.64
l2-fwd,169,2455.88
l2-fwd,170,2356.82
l2-fwd,171,2505.15
l2-fwd,172,2371.25
l2-fwd,173,2414.14
l2-fwd,174,2533.28
l2-fwd,175,2452.39
l2-fwd,176,2469.6
l2-fwd,177,2531.9
l2-fwd,178,2548.64
l2-fwd,179,2435.21
l2-fwd,180,2601.82
l2-fwd,181,2646.71
l2-fwd,182,2688.64
l2-fwd,183,2414.77
l2-fwd,184,2590.22
l2-fwd,185,2562.25
l2-fwd,186,2707.99
l2-fwd,187,2510.05
l2-fwd,188,2740.53
l2-fwd,189,2579.85
l2-fwd,190,2476.05
l2-fwd,191,2734.77
l2-fwd,192,2580.65
l2-fwd,193,2658.14
l2-fwd,194,2821.82
l2-fwd,195,2676.82
l2-fwd,196,2637.09
l2-fwd,197,2749.05
l2-fwd,198,2639.7
l2-fwd,199,3032.94
l2-fwd,200,2718.18
l2-fwd,201,2923.64
l2-fwd,202,2635.18
l2-fwd,203,2654.69
l2-fwd,204,2704.85
l2-fwd,205,2593.25
l2-fwd,206,2603.09
l2-fwd,207,2712.64
l2-fwd,208,2829.75
l2-fwd,209,2729.35
l2-fwd,210,2796.82
l2-fwd,211,2928.1
l2-fwd,212,2804.18
l2-fwd,213,2914.23
l2-fwd,214,2782.0
l2-fwd,215,3075.48
l2-fwd,216,2873.78
l2-fwd,217,2788.45
l2-fwd,218,2827.06
l2-fwd,219,2700.67
l2-fwd,220,2857.0
l2-fwd,221,3073.91
l2-fwd,222,3034.34
l2-fwd,223,2946.64
l2-fwd,224,3061.67
l2-fwd,225,3065.11
l2-fwd,226,2951.35
l2-fwd,227,2937.59
l2-fwd,228,2891.45
l2-fwd,229,3133.14
l2-fwd,230,2972.23
l2-fwd,231,3016.65
l2-fwd,232,3068.73
l2-fwd,233,2909.32
l2-fwd,234,3254.73
l2-fwd,235,3169.3
l2-fwd,236,3135.58
l2-fwd,237,2965.73
l2-fwd,238,3069.12
l2-fwd,239,3316.67
l2-fwd,240,3214.91
l2-fwd,241,3103.42
l2-fwd,242,3248.3
l2-fwd,243,3081.68
l2-fwd,244,3005.64
l2-fwd,245,3310.84
l2-fwd,246,3127.55
l2-fwd,247,3162.72
l2-fwd,248,3348.0
l2-fwd,249,3274.35
l2-fwd,250,3125.0
l2-fwd,251,3194.55
l2-fwd,252,3130.53
l2-fwd,253,3320.05
l2-fwd,254,3367.81
l2-fwd,255,3323.11
l2-fwd,256,3301.24
l2-input,1,313.94
l2-input,2,311.52
l2-input,3,327.27
l2-input,4,361.82
l2-input,5,373.48
l2-input,6,381.82
l2-input,7,395.6
l2-input,8,414.55
l2-input,9,428.6
l2-input,10,431.36
l2-input,11,438.85
l2-input,12,480.38
l2-input,13,503.45
l2-input,14,494.9
l2-input,15,537.27
l2-input,16,569.45
l2-input,17,564.86
l2-input,18,595.88
l2-input,19,567.41
l2-input,20,590.91
l2-input,21,602.6
l2-input,22,603.3
l2-input,23,601.45
l2-input,24,623.24
l2-input,25,659.09
l2-input,26,660.28
l2-input,27,645.55
l2-input,28,672.0
l2-input,29,710.1
l2-input,30,692.73
l2-input,31,705.53
l2-input,32,660.36
l2-input,33,723.0
l2-input,34,714.46
l2-input,35,771.59
l2-input,36,757.64
l2-input,37,745.05
l2-input,38,745.66
l2-input,39,801.27
l2-input,40,836.36
l2-input,41,831.74
l2-input,42,841.34
l2-input,43,851.6
l2-input,44,824.0
l2-input,45,883.02
l2-input,46,915.82
l2-input,47,928.68
l2-input,48,894.55
l2-input,49,873.76
l2-input,50,902.95
l2-input,51,897.83
l2-input,52,952.55
l2-input,53,946.77
l2-input,54,949.91
l2-input,55,891.75
l2-input,56,945.13
l2-input,57,995.69
l2-input,58,1028.18
l2-input,59,1008.36
l2-input,60,1011.0
l2-input,61,1062.79
l2-input,62,1050.34
l2-input,63,1024.32
l2-input,64,1008.58
l2-input,65,971.16
l2-input,66,995.1
l2-input,67,1048.55
l2-input,68,1069.45
l2-input,69,1064.17
l2-input,70,1056.36
l2-input,71,1036.92
l2-input,72,1120.25
l2-input,73,1169.0
l2-input,74,1164.83
l2-input,75,1122.61
l2-input,76,1104.42
l2-input,77,1173.55
l2-input,78,1188.79
l2-input,79,1178.9
l2-input,80,1163.64
l2-input,81,1179.29
l2-input,82,1177.82
l2-input,83,1160.87
l2-input,84,1299.33
l2-input,85,1161.8
l2-input,86,1247.0
l2-input,87,1227.1
l2-input,88,1257.2
l2-input,89,1220.51
l2-input,90,1285.77
l2-input,91,1232.64
l2-input,92,1237.82
l2-input,93,1239.86
l2-input,94,1340.35
l2-input,95,1288.11
l2-input,96,1275.49
l2-input,97,1341.69
l2-input,98,1340.82
l2-input,99,1398.15
l2-input,100,1386.36
l2-input,101,1362.12
l2-input,102,1304.21
l2-input,103,1367.09
l2-input,104,1389.82
l2-input,105,1365.0
l2-input,106,1464.73
l2-input,107,1463.95
l2-input,108,1415.29
l2-input,109,1565.64
l2-input,110,1456.5
l2-input,111,1483.36
l2-input,112,1571.56
l2-input,113,1462.32
l2-input,114,1462.83
l2-input,115,1571.84
l2-input,116,1617.15
l2-input,117,1542.27
l2-input,118,1662.73
l2-input,119,1516.17
l2-input,120,1521.82
l2-input,121,1455.85
l2-input,122,1501.15
l2-input,123,1729.27
l2-input,124,1542.67
l2-input,125,1579.55
l2-input,126,1659.19
l2-input,127,1658.5
l2-input,128,1595.93
l2-input,129,1608.4
l2-input,130,1629.14
l2-input,131,1669.06
l2-input,132,1693.8
l2-input,133,1565.77
l2-input,134,1679.26
l2-input,135,1699.77
l2-input,136,1722.87
l2-input,137,1644.0
l2-input,138,1632.79
l2-input,139,1729.29
l2-input,140,1745.55
l2-input,141,1781.73
l2-input,142,1695.61
l2-input,143,1720.55
l2-input,144,1721.45
l2-input,145,1764.39
l2-input,146,1756.65
l2-input,147,1855.54
l2-input,148,1809.64
l2-input,149,1806.29
l2-input,150,1827.27
l2-input,151,1954.08
l2-input,152,1826.07
l2-input,153,1861.73
l2-input,154,1794.1
l2-input,155,1848.02
l2-input,156,1930.85
l2-input,157,1867.59
l2-input,158,1797.61
l2-input,159,1893.55
l2-input,160,1961.45
l2-input,161,1904.92
l2-input,162,1924.12
l2-input,163,1938.96
l2-input,164,2035.09
l2-input,165,1929.75
l2-input,166,1835.81
l2-input,167,1948.59
l2-input,168,1987.75
l2-input,169,1989.59
l2-input,170,1924.09
l2-input,171,2083.09
l2-input,172,2024.91
l2-input,173,2138.91
l2-input,174,1985.18
l2-input,175,2123.86
l2-input,176,2042.4
l2-input,177,2065.27
l2-input,178,1990.36
l2-input,179,1995.85
l2-input,180,2149.36
l2-input,181,2081.5
l2-input,182,2103.75
l2-input,183,2043.78
l2-input,184,2107.64
l2-input,185,2169.55
l2-input,186,2288.65
l2-input,187,2195.55
l2-input,188,2290.18
l2-input,189,2261.99
l2-input,190,2109.86
l2-input,191,2185.21
l2-input,192,2295.27
l2-input,193,2114.23
l2-input,194,2351.81
l2-input,195,2124.61
l2-input,196,2295.87
l2-input,197,2259.23
l2-input,198,2196.0
l2-input,199,2116.64
l2-input,200,2136.36
l2-input,201,2314.24
l2-input,202,2178.85
l2-input,203,2230.23
l2-input,204,2274.6
l2-input,205,2320.23
l2-input,206,2294.09
l2-input,207,2471.77
l2-input,208,2426.98
l2-input,209,2438.65
l2-input,210,2370.14
l2-input,211,2419.79
l2-input,212,2515.09
l2-input,213,2384.63
l2-input,214,2451.27
l2-input,215,2524.3
l2-input,216,2477.13
l2-input,217,2380.1
l2-input,218,2318.73
l2-input,219,2396.06
l2-input,220,2390.0
l2-input,221,2464.15
l2-input,222,2398.61
l2-input,223,2483.41
l2-input,224,2311.27
l2-input,225,2502.61
l2-input,226,2503.46
l2-input,227,2545.5
l2-input,228,2546.35
l2-input,229,2581.45
l2-input,230,2627.23
l2-input,231,2470.65
l2-input,232,2449.71
l2-input,233,2555.59
l2-input,234,2506.99
l2-input,235,2624.52
l2-input,236,2663.58
l2-input,237,2524.05
l2-input,238,2672.09
l2-input,239,2650.73
l2-input,240,2691.27
l2-input,241,2516.26
l2-input,242,2717.0
l2-input,243,2702.82
l2-input,244,2514.31
l2-input,245,2731.75
l2-input,246,2758.55
l2-input,247,2855.1
l2-input,248,2810.29
l2-input,249,2772.95
l2-input,250,2792.05
l2-input,251,2905.9
l2-input,252,2660.89
l2-input,253,2771.5
l2-input,254,2840.18
l2-input,255,2816.59
l2-input,256,2691.49
l2-output,1,331.67
l2-output,2,336.06
l2-output,3,360.45
l2-output,4,342.42
l2-output,5,371.2
l2-output,6,400.01
l2-output,7,407.27
l2-output,8,383.75
l2-output,9,410.32
l2-output,10,441.5
l2-output,11,458.85
l2-output,12,448.91
l2-output,13,464.28
l2-output,14,470.27
l2-output,15,482.25
l2-output,16,472.51
l2-output,17,499.18
l2-output,18,529.12
l2-output,19,541.76
l2-output,20,543.64
l2-output,21,565.09
l2-output,22,550.7
l2-output,23,552.73
l2-output,24,563.24
l2-output,25,592.84
l2-output,26,616.91
l2-output,27,623.82
l2-output,28,566.36
l2-output,29,557.99
l2-output,30,614.05
l2-output,31,612.95
l2-output,32,617.16
l2-output,33,640.5
l2-output,34,660.37
l2-output,35,629.52
l2-output,36,618.05
l2-output,37,650.36
l2-output,38,642.03
l2-output,39,633.4
l2-output,40,694.55
l2-output,41,720.67
l2-output,42,705.03
l2-output,43,741.36
l2-output,44,704.0
l2-output,45,699.55
l2-output,46,699.83
l2-output,47,711.41
l2-output,48,699.71
l2-output,49,745.47
l2-output,50,750.68
l2-output,51,744.14
l2-output,52,697.98
l2-output,53,738.87
l2-output,54,760.17
l2-output,55,744.25
l2-output,56,765.42
l2-output,57,798.78
l2-output,58,744.25
l2-output,59,768.88
l2-output,60,788.18
l2-output,61,762.5
l2-output,62,749.64
l2-output,63,780.91
l2-output,64,738.04
l2-output,65,782.95
l2-output,66,768.9
l2-output,67,766.54
l2-output,68,809.82
l2-output,69,749.59
l2-output,70,793.23
l2-output,71,793.91
l2-output,72,768.11
l2-output,73,822.91
l2-output,74,799.54
l2-output,75,803.52
l2-output,76,836.0
l2-output,77,806.05
l2-output,78,869.7
l2-output,79,834.17
l2-output,80,788.0
l2-output,81,830.99
l2-output,82,874.79
l2-output,83,845.09
l2-output,84,875.51
l2-output,85,848.84
l2-output,86,849.45
l2-output,87,901.64
l2-output,88,896.0
l2-output,89,942.59
l2-output,90,886.5
l2-output,91,912.9
l2-output,92,910.38
l2-output,93,911.82
l2-output,94,917.35
l2-output,95,912.43
l2-output,96,903.27
l2-output,97,865.5
l2-output,98,981.34
l2-output,99,979.65
l2-output,100,985.0
l2-output,101,974.65
l2-output,102,1055.7
l2-output,103,1022.04
l2-output,104,948.76
l2-output,105,1046.66
l2-output,106,992.55
l2-output,107,1021.36
l2-output,108,1021.09
l2-output,109,1017.17
l2-output,110,1050.0
l2-output,111,1035.83
l2-output,112,996.29
l2-output,113,1061.69
l2-output,114,1063.83
l2-output,115,1070.02
l2-output,116,1105.69
l2-output,117,1075.87
l2-output,118,1072.73
l2-output,119,1098.05
l2-output,120,1083.82
l2-output,121,1079.65
l2-output,122,1079.7
l2-output,123,1075.13
l2-output,124,1093.45
l2-output,125,1096.59
l2-output,126,1101.35
l2-output,127,1129.72
l2-output,128,1060.65
l2-output,129,1118.2
l2-output,130,1115.05
l2-output,131,1127.2
l2-output,132,1048.2
l2-output,133,1172.82
l2-output,134,1126.82
l2-output,135,1182.48
l2-output,136,1073.78
l2-output,137,1110.32
l2-output,138,1083.3
l2-output,139,1204.88
l2-output,140,1185.55
l2-output,141,1145.3
l2-output,142,1211.52
l2-output,143,1249.95
l2-output,144,1169.67
l2-output,145,1219.32
l2-output,146,1201.18
l2-output,147,1211.41
l2-output,148,1138.93
l2-output,149,1189.97
l2-output,150,1191.14
l2-output,151,1168.88
l2-output,152,1181.45
l2-output,153,1159.32
l2-output,154,1183.0
l2-output,155,1235.07
l2-output,156,1200.49
l2-output,157,1225.31
l2-output,158,1244.61
l2-output,159,1223.58
l2-output,160,1205.09
l2-output,161,1378.01
l2-output,162,1308.52
l2-output,163,1375.87
l2-output,164,1287.4
l2-output,165,1302.75
l2-output,166,1315.17
l2-output,167,1343.59
l2-output,168,1247.02
l2-output,169,1331.26
l2-output,170,1311.32
l2-output,171,1311.26
l2-output,172,1339.25
l2-output,173,1370.63
l2-output,174,1405.45
l2-output,175,1370.57
l2-output,176,1426.4
l2-output,177,1445.77
l2-output,178,1415.91
l2-output,179,1450.71
l2-output,180,1396.64
l2-output,181,1423.32
l2-output,182,1379.06
l2-output,183,1386.64
l2-output,184,1430.18
l2-output,185,1454.77
l2-output,186,1454.18
l2-output,187,1470.5
l2-output,188,1452.73
l2-output,189,1432.1
l2-output,190,1470.77
l2-output,191,1467.23
l2-output,192,1370.18
l2-output,193,1409.78
l2-output,194,1452.35
l2-output,195,1427.05
l2-output,196,1369.33
l2-output,197,1477.5
l2-output,198,1503.0
l2-output,199,1465.36
l2-output,200,1451.82
l2-output,201,1455.42
l2-output,202,1469.09
l2-output,203,1377.63
l2-output,204,1384.42
l2-output,205,1503.02
l2-output,206,1519.72
l2-output,207,1505.45
l2-output,208,1453.16
l2-output,209,1427.85
l2-output,210,1520.59
l2-output,211,1550.85
l2-output,212,1644.93
l2-output,213,1474.54
l2-output,214,1588.46
l2-output,215,1498.16
l2-output,216,1479.6
l2-output,217,1528.86
l2-output,218,1575.55
l2-output,219,1535.99
l2-output,220,1553.0
l2-output,221,1570.1
l2-output,222,1591.34
l2-output,223,1564.04
l2-output,224,1520.15
l2-output,225,1588.3
l2-output,226,1615.9
l2-output,227,1516.77
l2-output,228,1568.02
l2-output,229,1644.64
l2-output,230,1644.5
l2-output,231,1599.15
l2-output,232,1627.16
l2-output,233,1662.77
l2-output,234,1638.0
l2-output,235,1655.68
l2-output,236,1648.78
l2-output,237,1637.45
l2-output,238,1666.0
l2-output,239,1637.15
l2-output,240,1676.73
l2-output,241,1628.94
l2-output,242,1756.7
l2-output,243,1775.0
l2-output,244,1737.95
l2-output,245,1700.52
l2-output,246,1696.28
l2-output,247,1695.32
l2-output,248,1687.53
l2-output,249,1796.2
l2-output,250,1651.14
l2-output,251,1851.7
l2-output,252,1749.11
l2-output,253,1767.55
l2-output,254,1708.73
l2-output,255,1738.64
l2-output,256,1737.31
loop0-output,1,321.36
loop0-output,2,317.57
loop0-output,3,361.36
loop0-output,4,337.58
loop0-output,5,379.55
loop0-output,6,390.9
loop0-output,7,394.55
loop0-output,8,400.0
loop0-output,9,413.3
loop0-output,10,442.27
loop0-output,11,420.5
loop0-output,12,457.25
loop0-output,13,455.0
loop0-output,14,446.54
loop0-output,15,470.66
loop0-output,16,488.51
loop0-output,17,462.86
loop0-output,18,520.36
loop0-output,19,526.21
loop0-output,20,524.27
loop0-output,21,531.4
loop0-output,22,522.0
loop0-output,23,572.91
loop0-output,24,498.87
loop0-output,25,503.75
loop0-output,26,554.27
loop0-output,27,525.64
loop0-output,28,551.09
loop0-output,29,559.3
loop0-output,30,542.32
loop0-output,31,573.92
loop0-output,32,536.73
loop0-output,33,557.55
loop0-output,34,598.55
loop0-output,35,597.7
loop0-output,36,609.22
loop0-output,37,597.05
loop0-output,38,611.45
loop0-output,39,613.36
loop0-output,40,621.82
loop0-output,41,606.99
loop0-output,42,607.09
loop0-output,43,596.14
loop0-output,44,635.4
loop0-output,45,616.3
loop0-output,46,683.1
loop0-output,47,651.59
loop0-output,48,663.93
loop0-output,49,648.8
loop0-output,50,697.05
loop0-output,51,628.23
loop0-output,52,669.62
loop0-output,53,688.28
loop0-output,54,688.01
loop0-output,55,678.25
loop0-output,56,670.22
loop0-output,57,740.22
loop0-output,58,700.48
loop0-output,59,655.17
loop0-output,60,714.55
loop0-output,61,663.51
loop0-output,62,725.12
loop0-output,63,704.45
loop0-output,64,688.58
loop0-output,65,722.98
loop0-output,66,777.0
loop0-output,67,767.45
loop0-output,68,790.35
loop0-output,69,763.08
loop0-output,70,795.45
loop0-output,71,814.24
loop0-output,72,784.47
loop0-output,73,846.14
loop0-output,74,806.26
loop0-output,75,764.66
loop0-output,76,808.36
loop0-output,77,767.55
loop0-output,78,830.7
loop0-output,79,792.51
loop0-output,80,810.91
loop0-output,81,828.41
loop0-output,82,841.25
loop0-output,83,876.4
loop0-output,84,856.42
loop0-output,85,846.14
loop0-output,86,836.55
loop0-output,87,888.59
loop0-output,88,852.0
loop0-output,89,811.92
loop0-output,90,856.23
loop0-output,91,889.32
loop0-output,92,889.47
loop0-output,93,824.32
loop0-output,94,884.45
loop0-output,95,850.68
loop0-output,96,890.18
loop0-output,97,918.41
loop0-output,98,880.66
loop0-output,99,910.35
loop0-output,100,900.0
loop0-output,101,905.79
loop0-output,102,900.85
loop0-output,103,903.59
loop0-output,104,920.4
loop0-output,105,882.95
loop0-output,106,910.64
loop0-output,107,967.86
loop0-output,108,945.98
loop0-output,109,982.49
loop0-output,110,956.5
loop0-output,111,987.4
loop0-output,112,1033.45
loop0-output,113,936.36
loop0-output,114,934.28
loop0-output,115,965.48
loop0-output,116,958.05
loop0-output,117,992.9
loop0-output,118,993.88
loop0-output,119,977.42
loop0-output,120,985.64
loop0-output,121,997.15
loop0-output,122,1066.39
loop0-output,123,1047.18
loop0-output,124,1007.22
loop0-output,125,1069.89
loop0-output,126,963.9
loop0-output,127,1062.18
loop0-output,128,1028.07
loop0-output,129,1094.74
loop0-output,130,1044.14
loop0-output,131,1081.94
loop0-output,132,1002.0
loop0-output,133,1047.68
loop0-output,134,1019.01
loop0-output,135,1151.8
loop0-output,136,1071.31
loop0-output,137,1102.23
loop0-output,138,1105.88
loop0-output,139,1168.86
loop0-output,140,1083.73
loop0-output,141,1042.76
loop0-output,142,1054.03
loop0-output,143,1093.95
loop0-output,144,1104.22
loop0-output,145,1120.45
loop0-output,146,1103.63
loop0-output,147,1097.82
loop0-output,148,1181.98
loop0-output,149,1156.1
loop0-output,150,1111.36
loop0-output,151,1180.55
loop0-output,152,1160.73
loop0-output,153,1142.63
loop0-output,154,1131.9
loop0-output,155,1199.84
loop0-output,156,1160.78
loop0-output,157,1068.31
loop0-output,158,1177.82
loop0-output,159,1187.44
loop0-output,160,1250.91
loop0-output,161,1190.67
loop0-output,162,1190.7
loop0-output,163,1185.45
loop0-output,164,1130.85
loop0-output,165,1175.25
loop0-output,166,1192.18
loop0-output,167,1206.95
loop0-output,168,1239.38
loop0-output,169,1272.88
loop0-output,170,1207.77
loop0-output,171,1243.64
loop0-output,172,1268.89
loop0-output,173,1247.96
loop0-output,174,1267.83
loop0-output,175,1238.52
loop0-output,176,1181.6
loop0-output,177,1255.09
loop0-output,178,1310.73
loop0-output,179,1334.36
loop0-output,180,1317.27
loop0-output,181,1258.77
loop0-output,182,1185.48
loop0-output,183,1339.23
loop0-output,184,1302.22
loop0-output,185,1337.05
loop0-output,186,1291.01
loop0-output,187,1348.95
loop0-output,188,1253.62
loop0-output,189,1325.58
loop0-output,190,1243.64
loop0-output,191,1325.71
loop0-output,192,1302.98
loop0-output,193,1298.36
loop0-output,194,1296.27
loop0-output,195,1382.73
loop0-output,196,1389.82
loop0-output,197,1307.36
loop0-output,198,1334.7
loop0-output,199,1338.73
loop0-output,200,1372.73
loop0-output,201,1407.0
loop0-output,202,1365.34
loop0-output,203,1414.54
loop0-output,204,1369.58
loop0-output,205,1435.0
loop0-output,206,1336.19
loop0-output,207,1451.82
loop0-output,208,1402.11
loop0-output,209,1365.15
loop0-output,210,1336.36
loop0-output,211,1448.23
loop0-output,212,1461.84
loop0-output,213,1384.5
loop0-output,214,1481.46
loop0-output,215,1433.66
loop0-output,216,1384.36
loop0-output,217,1506.18
loop0-output,218,1334.75
loop0-output,219,1403.59
loop0-output,220,1473.0
loop0-output,221,1529.92
loop0-output,222,1422.82
loop0-output,223,1462.68
loop0-output,224,1428.51
loop0-output,225,1438.98
loop0-output,226,1517.28
loop0-output,227,1599.32
loop0-output,228,1513.09
loop0-output,229,1564.49
loop0-output,230,1474.09
loop0-output,231,1606.5
loop0-output,232,1529.09
loop0-output,233,1472.14
loop0-output,234,1439.1
loop0-output,235,1567.02
loop0-output,236,1534.0
loop0-output,237,1615.91
loop0-output,238,1532.94
loop0-output,239,1611.08
loop0-output,240,1465.09
loop0-output,241,1591.7
loop0-output,242,1613.7
loop0-output,243,1579.5
loop0-output,244,1619.27
loop0-output,245,1566.89
loop0-output,246,1498.36
loop0-output,247,1665.0
loop0-output,248,1626.65
loop0-output,249,1607.18
loop0-output,250,1590.91
loop0-output,251,1646.33
loop0-output,252,1554.38
loop0-output,253,1636.45
loop0-output,254,1659.08
loop0-output,255,1703.86
loop0-output,256,1570.91
nat-pre-in2out,1,301.21
nat-pre-in2out,2,312.12
nat-pre-in2out,3,307.73
nat-pre-in2out,4,321.22
nat-pre-in2out,5,346.2
nat-pre-in2out,6,322.72
nat-pre-in2out,7,381.82
nat-pre-in2out,8,379.38
nat-pre-in2out,9,385.77
nat-pre-in2out,10,372.86
nat-pre-in2out,11,426.65
nat-pre-in2out,12,444.71
nat-pre-in2out,13,420.55
nat-pre-in2out,14,443.99
nat-pre-in2out,15,439.09
nat-pre-in2out,16,437.6
nat-pre-in2out,17,460.55
nat-pre-in2out,18,486.57
nat-pre-in2out,19,501.17
nat-pre-in2out,20,474.82
nat-pre-in2out,21,517.08
nat-pre-in2out,22,542.7
nat-pre-in2out,23,543.64
nat-pre-in2out,24,559.64
nat-pre-in2out,25,533.75
nat-pre-in2out,26,594.81
nat-pre-in2out,27,628.73
nat-pre-in2out,28,598.18
nat-pre-in2out,29,614.27
nat-pre-in2out,30,660.41
nat-pre-in2out,31,692.29
nat-pre-in2out,32,678.84
nat-pre-in2out,33,655.5
nat-pre-in2out,34,678.92
nat-pre-in2out,35,706.36
nat-pre-in2out,36,708.55
nat-pre-in2out,37,704.18
nat-pre-in2out,38,745.66
nat-pre-in2out,39,774.15
nat-pre-in2out,40,796.36
nat-pre-in2out,41,807.51
nat-pre-in2out,42,752.75
nat-pre-in2out,43,822.28
nat-pre-in2out,44,795.4
nat-pre-in2out,45,804.48
nat-pre-in2out,46,883.83
nat-pre-in2out,47,846.0
nat-pre-in2out,48,885.82
nat-pre-in2out,49,943.7
nat-pre-in2out,50,902.27
nat-pre-in2out,51,940.49
nat-pre-in2out,52,911.65
nat-pre-in2out,53,946.05
nat-pre-in2out,54,934.45
nat-pre-in2out,55,973.25
nat-pre-in2out,56,947.67
nat-pre-in2out,57,1011.23
nat-pre-in2out,58,979.94
nat-pre-in2out,59,1004.88
nat-pre-in2out,60,1013.73
nat-pre-in2out,61,1019.53
nat-pre-in2out,62,1049.21
nat-pre-in2out,63,1047.23
nat-pre-in2out,64,1017.31
nat-pre-in2out,65,1081.36
nat-pre-in2out,66,1043.1
nat-pre-in2out,67,1088.14
nat-pre-in2out,68,1066.36
nat-pre-in2out,69,1123.76
nat-pre-in2out,70,1055.41
nat-pre-in2out,71,1061.77
nat-pre-in2out,72,1143.16
nat-pre-in2out,73,1212.13
nat-pre-in2out,74,1148.01
nat-pre-in2out,75,1119.2
nat-pre-in2out,76,1209.09
nat-pre-in2out,77,1214.5
nat-pre-in2out,78,1199.43
nat-pre-in2out,79,1259.33
nat-pre-in2out,80,1226.55
nat-pre-in2out,81,1132.9
nat-pre-in2out,82,1219.94
nat-pre-in2out,83,1213.69
nat-pre-in2out,84,1299.33
nat-pre-in2out,85,1283.89
nat-pre-in2out,86,1296.65
nat-pre-in2out,87,1277.32
nat-pre-in2out,88,1316.0
nat-pre-in2out,89,1386.38
nat-pre-in2out,90,1373.32
nat-pre-in2out,91,1326.53
nat-pre-in2out,92,1417.64
nat-pre-in2out,93,1414.87
nat-pre-in2out,94,1412.99
nat-pre-in2out,95,1397.8
nat-pre-in2out,96,1386.33
nat-pre-in2out,97,1385.78
nat-pre-in2out,98,1511.43
nat-pre-in2out,99,1381.5
nat-pre-in2out,100,1472.73
nat-pre-in2out,101,1486.08
nat-pre-in2out,102,1449.79
nat-pre-in2out,103,1470.09
nat-pre-in2out,104,1493.82
nat-pre-in2out,105,1583.11
nat-pre-in2out,106,1559.65
nat-pre-in2out,107,1538.37
nat-pre-in2out,108,1601.84
nat-pre-in2out,109,1649.86
nat-pre-in2out,110,1588.5
nat-pre-in2out,111,1639.77
nat-pre-in2out,112,1512.0
nat-pre-in2out,113,1583.54
nat-pre-in2out,114,1587.19
nat-pre-in2out,115,1642.93
nat-pre-in2out,116,1673.04
nat-pre-in2out,117,1770.95
nat-pre-in2out,118,1684.18
nat-pre-in2out,119,1720.09
nat-pre-in2out,120,1749.27
nat-pre-in2out,121,1712.15
nat-pre-in2out,122,1778.43
nat-pre-in2out,123,1666.09
nat-pre-in2out,124,1741.64
nat-pre-in2out,125,1750.0
nat-pre-in2out,126,1798.36
nat-pre-in2out,127,1820.14
nat-pre-in2out,128,1751.27
nat-pre-in2out,129,1845.29
nat-pre-in2out,130,1857.23
nat-pre-in2out,131,1754.8
nat-pre-in2out,132,1747.8
nat-pre-in2out,133,1872.28
nat-pre-in2out,134,1829.1
nat-pre-in2out,135,1869.75
nat-pre-in2out,136,1897.82
nat-pre-in2out,137,1826.46
nat-pre-in2out,138,1837.91
nat-pre-in2out,139,1941.58
nat-pre-in2out,140,1934.55
nat-pre-in2out,141,1833.0
nat-pre-in2out,142,1977.03
nat-pre-in2out,143,2006.55
nat-pre-in2out,144,2020.58
nat-pre-in2out,145,1909.39
nat-pre-in2out,146,1962.37
nat-pre-in2out,147,1979.82
nat-pre-in2out,148,1979.84
nat-pre-in2out,149,2090.74
nat-pre-in2out,150,1900.23
nat-pre-in2out,151,2159.99
nat-pre-in2out,152,2024.36
nat-pre-in2out,153,2016.82
nat-pre-in2out,154,2058.0
nat-pre-in2out,155,1932.57
nat-pre-in2out,156,2139.33
nat-pre-in2out,157,2226.55
nat-pre-in2out,158,2044.66
nat-pre-in2out,159,2141.44
nat-pre-in2out,160,2152.73
nat-pre-in2out,161,2158.86
nat-pre-in2out,162,2172.27
nat-pre-in2out,163,2148.64
nat-pre-in2out,164,2228.91
nat-pre-in2out,165,2217.75
nat-pre-in2out,166,2253.83
nat-pre-in2out,167,2307.64
nat-pre-in2out,168,2222.18
nat-pre-in2out,169,2230.03
nat-pre-in2out,170,2470.41
nat-pre-in2out,171,2368.35
nat-pre-in2out,172,2290.73
nat-pre-in2out,173,2317.41
nat-pre-in2out,174,2269.91
nat-pre-in2out,175,2394.32
nat-pre-in2out,176,2341.6
nat-pre-in2out,177,2338.81
nat-pre-in2out,178,2300.25
nat-pre-in2out,179,2495.42
nat-pre-in2out,180,2403.0
nat-pre-in2out,181,2550.45
nat-pre-in2out,182,2335.39
nat-pre-in2out,183,2528.73
nat-pre-in2out,184,2603.6
nat-pre-in2out,185,2444.52
nat-pre-in2out,186,2407.01
nat-pre-in2out,187,2652.0
nat-pre-in2out,188,2728.56
nat-pre-in2out,189,2579.85
nat-pre-in2out,190,2619.41
nat-pre-in2out,191,2636.67
nat-pre-in2out,192,2603.35
nat-pre-in2out,193,2535.32
nat-pre-in2out,194,2592.55
nat-pre-in2out,195,2626.3
nat-pre-in2out,196,2732.42
nat-pre-in2out,197,2793.82
nat-pre-in2out,198,2630.7
nat-pre-in2out,199,2662.08
nat-pre-in2out,200,2709.09
nat-pre-in2out,201,2512.5
nat-pre-in2out,202,2653.55
nat-pre-in2out,203,2685.14
nat-pre-in2out,204,2834.67
nat-pre-in2out,205,2711.59
nat-pre-in2out,206,2778.19
nat-pre-in2out,207,2834.96
nat-pre-in2out,208,2685.09
nat-pre-in2out,209,2843.35
nat-pre-in2out,210,2666.05
nat-pre-in2out,211,2803.42
nat-pre-in2out,212,2849.47
nat-pre-in2out,213,2775.78
nat-pre-in2out,214,2801.45
nat-pre-in2out,215,2843.86
nat-pre-in2out,216,2893.42
nat-pre-in2out,217,2860.45
nat-pre-in2out,218,2896.43
nat-pre-in2out,219,2956.5
nat-pre-in2out,220,2957.0
nat-pre-in2out,221,3053.82
nat-pre-in2out,222,2903.15
nat-pre-in2out,223,2784.46
nat-pre-in2out,224,2898.76
nat-pre-in2out,225,3126.48
nat-pre-in2out,226,2904.1
nat-pre-in2out,227,3092.36
nat-pre-in2out,228,3029.29
nat-pre-in2out,229,3021.76
nat-pre-in2out,230,3118.59
nat-pre-in2out,231,2873.85
nat-pre-in2out,232,3040.25
nat-pre-in2out,233,3227.05
nat-pre-in2out,234,3162.19
nat-pre-in2out,235,3204.55
nat-pre-in2out,236,2989.69
nat-pre-in2out,237,3202.73
nat-pre-in2out,238,3115.64
nat-pre-in2out,239,3041.82
nat-pre-in2out,240,3258.55
nat-pre-in2out,241,3304.99
nat-pre-in2out,242,3391.3
nat-pre-in2out,243,3357.82
nat-pre-in2out,244,3393.82
nat-pre-in2out,245,3121.52
nat-pre-in2out,246,3511.09
nat-pre-in2out,247,3259.28
nat-pre-in2out,248,3254.44
nat-pre-in2out,249,3285.67
nat-pre-in2out,250,3394.32
nat-pre-in2out,251,3334.88
nat-pre-in2out,252,3379.09
nat-pre-in2out,253,3519.0
nat-pre-in2out,254,3517.9
nat-pre-in2out,255,3338.18
nat-pre-in2out,256,3359.42
nat44-ed-in2out,1,405.91
nat44-ed-in2out,2,560.0
nat44-ed-in2out,3,663.64
nat44-ed-in2out,4,800.6
nat44-ed-in2out,5,963.64
nat44-ed-in2out,6,987.27
nat44-ed-in2out,7,1029.86
nat44-ed-in2out,8,1258.18
nat44-ed-in2out,9,1416.8
nat44-ed-in2out,10,1453.05
nat44-ed-in2out,11,1520.0
nat44-ed-in2out,12,1601.84
nat44-ed-in2out,13,1810.13
nat44-ed-in2out,14,1885.74
nat44-ed-in2out,15,1940.93
nat44-ed-in2out,16,2160.0
nat44-ed-in2out,17,2238.36
nat44-ed-in2out,18,2312.75
nat44-ed-in2out,19,2432.6
nat44-ed-in2out,20,2548.45
nat44-ed-in2out,21,2723.6
nat44-ed-in2out,22,2666.7
nat44-ed-in2out,23,2815.72
nat44-ed-in2out,24,3061.85
nat44-ed-in2out,25,3132.61
nat44-ed-in2out,26,3155.45
nat44-ed-in2out,27,3084.5
nat44-ed-in2out,28,3487.27
nat44-ed-in2out,29,3462.47
nat44-ed-in2out,30,3536.32
nat44-ed-in2out,31,3734.09
nat44-ed-in2out,32,3873.89
nat44-ed-in2out,33,4015.05
nat44-ed-in2out,34,4007.83
nat44-ed-in2out,35,4242.48
nat44-ed-in2out,36,4270.91
nat44-ed-in2out,37,4355.91
nat44-ed-in2out,38,4548.43
nat44-ed-in2out,39,4455.4
nat44-ed-in2out,40,4563.64
nat44-ed-in2out,41,4491.36
nat44-ed-in2out,42,4931.75
nat44-ed-in2out,43,5062.27
nat44-ed-in2out,44,4966.6
nat44-ed-in2out,45,5031.82
nat44-ed-in2out,46,5366.74
nat44-ed-in2out,47,5205.68
nat44-ed-in2out,48,5520.0
nat44-ed-in2out,49,5761.29
nat44-ed-in2out,50,5689.32
nat44-ed-in2out,51,5733.56
nat44-ed-in2out,52,5893.25
nat44-ed-in2out,53,6199.31
nat44-ed-in2out,54,6070.83
nat44-ed-in2out,55,6208.25
nat44-ed-in2out,56,6168.4
nat44-ed-in2out,57,6330.37
nat44-ed-in2out,58,6388.7
nat44-ed-in2out,59,7080.0
nat44-ed-in2out,60,6545.45
nat44-ed-in2out,61,6968.7
nat44-ed-in2out,62,6641.61
nat44-ed-in2out,63,7397.63
nat44-ed-in2out,64,7292.22
nat44-ed-in2out,65,7465.25
nat44-ed-in2out,66,7350.0
nat44-ed-in2out,67,7552.73
nat44-ed-in2out,68,7572.73
nat44-ed-in2out,69,7736.47
nat44-ed-in2out,70,7519.59
nat44-ed-in2out,71,7412.08
nat44-ed-in2out,72,8203.75
nat44-ed-in2out,73,7963.64
nat44-ed-in2out,74,8117.46
nat44-ed-in2out,75,8250.0
nat44-ed-in2out,76,8187.27
nat44-ed-in2out,77,8411.55
nat44-ed-in2out,78,8237.15
nat44-ed-in2out,79,9132.76
nat44-ed-in2out,80,8897.09
nat44-ed-in2out,81,8419.21
nat44-ed-in2out,82,9144.12
nat44-ed-in2out,83,9054.55
nat44-ed-in2out,84,9163.64
nat44-ed-in2out,85,8963.64
nat44-ed-in2out,86,9030.0
nat44-ed-in2out,87,9121.95
nat44-ed-in2out,88,9093.2
nat44-ed-in2out,89,9574.38
nat44-ed-in2out,90,10118.05
nat44-ed-in2out,91,9706.8
nat44-ed-in2out,92,9938.93
nat44-ed-in2out,93,10004.69
nat44-ed-in2out,94,9912.73
nat44-ed-in2out,95,10306.2
nat44-ed-in2out,96,9949.09
nat44-ed-in2out,97,10625.91
nat44-ed-in2out,98,10260.15
nat44-ed-in2out,99,10814.85
nat44-ed-in2out,100,10954.55
nat44-ed-in2out,101,10972.27
nat44-ed-in2out,102,10601.97
nat44-ed-in2out,103,11283.18
nat44-ed-in2out,104,11597.42
nat44-ed-in2out,105,10834.09
nat44-ed-in2out,106,10584.1
nat44-ed-in2out,107,11024.4
nat44-ed-in2out,108,11765.62
nat44-ed-in2out,109,11411.8
nat44-ed-in2out,110,11000.0
nat44-ed-in2out,111,11301.82
nat44-ed-in2out,112,11861.82
nat44-ed-in2out,113,11881.95
nat44-ed-in2out,114,12056.54
nat44-ed-in2out,115,12319.11
nat44-ed-in2out,116,12390.91
nat44-ed-in2out,117,11593.64
nat44-ed-in2out,118,12658.18
nat44-ed-in2out,119,12404.67
nat44-ed-in2out,120,12181.64
nat44-ed-in2out,121,11825.0
nat44-ed-in2out,122,12828.3
nat44-ed-in2out,123,13194.55
nat44-ed-in2out,124,12663.22
nat44-ed-in2out,125,12935.8
nat44-ed-in2out,126,11740.91
nat44-ed-in2out,127,13739.09
nat44-ed-in2out,128,13575.56
nat44-ed-in2out,129,13681.62
nat44-ed-in2out,130,13295.45
nat44-ed-in2out,131,14211.71
nat44-ed-in2out,132,13800.0
nat44-ed-in2out,133,14247.32
nat44-ed-in2out,134,14151.01
nat44-ed-in2out,135,13888.43
nat44-ed-in2out,136,13888.69
nat44-ed-in2out,137,14509.55
nat44-ed-in2out,138,14030.21
nat44-ed-in2out,139,14195.06
nat44-ed-in2out,140,14806.27
nat44-ed-in2out,141,14463.4
nat44-ed-in2out,142,14565.97
nat44-ed-in2out,143,14776.45
nat44-ed-in2out,144,14509.31
nat44-ed-in2out,145,14500.0
nat44-ed-in2out,146,14777.19
nat44-ed-in2out,147,14900.45
nat44-ed-in2out,148,15001.82
nat44-ed-in2out,149,15419.47
nat44-ed-in2out,150,15409.09
nat44-ed-in2out,151,14871.44
nat44-ed-in2out,152,16213.56
nat44-ed-in2out,153,15160.91
nat44-ed-in2out,154,15470.0
nat44-ed-in2out,155,16227.8
nat44-ed-in2out,156,16167.27
nat44-ed-in2out,157,16080.37
nat44-ed-in2out,158,16422.66
nat44-ed-in2out,159,16526.6
nat44-ed-in2out,160,16703.27
nat44-ed-in2out,161,15807.27
nat44-ed-in2out,162,16862.73
nat44-ed-in2out,163,16102.18
nat44-ed-in2out,164,16226.31
nat44-ed-in2out,165,16850.25
nat44-ed-in2out,166,16575.1
nat44-ed-in2out,167,16599.04
nat44-ed-in2out,168,16800.0
nat44-ed-in2out,169,16644.2
nat44-ed-in2out,170,17360.86
nat44-ed-in2out,171,16633.64
nat44-ed-in2out,172,16652.73
nat44-ed-in2out,173,17195.41
nat44-ed-in2out,174,17373.9
nat44-ed-in2out,175,17394.2
nat44-ed-in2out,176,17680.0
nat44-ed-in2out,177,17646.1
nat44-ed-in2out,178,17880.91
nat44-ed-in2out,179,17900.0
nat44-ed-in2out,180,17617.91
nat44-ed-in2out,181,18813.3
nat44-ed-in2out,182,18144.57
nat44-ed-in2out,183,18383.18
nat44-ed-in2out,184,17647.27
nat44-ed-in2out,185,18191.39
nat44-ed-in2out,186,17585.45
nat44-ed-in2out,187,19295.0
nat44-ed-in2out,188,18400.93
nat44-ed-in2out,189,18556.36
nat44-ed-in2out,190,18423.95
nat44-ed-in2out,191,19273.64
nat44-ed-in2out,192,20072.73
nat44-ed-in2out,193,19328.95
nat44-ed-in2out,194,18782.73
nat44-ed-in2out,195,19411.36
nat44-ed-in2out,196,19214.24
nat44-ed-in2out,197,19849.54
nat44-ed-in2out,198,20279.7
nat44-ed-in2out,199,20804.55
nat44-ed-in2out,200,20393.64
nat44-ed-in2out,201,19825.91
nat44-ed-in2out,202,20016.36
nat44-ed-in2out,203,19500.0
nat44-ed-in2out,204,21141.82
nat44-ed-in2out,205,20127.27
nat44-ed-in2out,206,21099.08
nat44-ed-in2out,207,20700.0
nat44-ed-in2out,208,21146.98
nat44-ed-in2out,209,20013.65
nat44-ed-in2out,210,20395.77
nat44-ed-in2out,211,21260.17
nat44-ed-in2out,212,20332.73
nat44-ed-in2out,213,20912.73
nat44-ed-in2out,214,20395.17
nat44-ed-in2out,215,21500.0
nat44-ed-in2out,216,21828.76
nat44-ed-in2out,217,20943.46
nat44-ed-in2out,218,20974.57
nat44-ed-in2out,219,21733.76
nat44-ed-in2out,220,22367.0
nat44-ed-in2out,221,21597.73
nat44-ed-in2out,222,21258.52
nat44-ed-in2out,223,21759.73
nat44-ed-in2out,224,21517.24
nat44-ed-in2out,225,22466.25
nat44-ed-in2out,226,22086.36
nat44-ed-in2out,227,22150.04
nat44-ed-in2out,228,22626.93
nat44-ed-in2out,229,22726.17
nat44-ed-in2out,230,22372.73
nat44-ed-in2out,231,23730.0
nat44-ed-in2out,232,21934.55
nat44-ed-in2out,233,23794.6
nat44-ed-in2out,234,22549.09
nat44-ed-in2out,235,21719.34
nat44-ed-in2out,236,23278.18
nat44-ed-in2out,237,24238.64
nat44-ed-in2out,238,24413.39
nat44-ed-in2out,239,22306.3
nat44-ed-in2out,240,22909.09
nat44-ed-in2out,241,23406.58
nat44-ed-in2out,242,24163.7
nat44-ed-in2out,243,23784.18
nat44-ed-in2out,244,22699.76
nat44-ed-in2out,245,26579.16
nat44-ed-in2out,246,24525.08
nat44-ed-in2out,247,25373.64
nat44-ed-in2out,248,24461.82
nat44-ed-in2out,249,24824.17
nat44-ed-in2out,250,23409.09
nat44-ed-in2out,251,24415.45
nat44-ed-in2out,252,24627.27
nat44-ed-in2out,253,24417.95
nat44-ed-in2out,254,23244.46
nat44-ed-in2out,255,25809.48
nat44-ed-in2out,256,24863.42
nat44-ed-in2out-slowpath,1,388.18
nat44-ed-in2out-slowpath,2,439.7
nat44-ed-in2out-slowpath,3,498.18
nat44-ed-in2out-slowpath,4,592.13
nat44-ed-in2out-slowpath,5,662.11
nat44-ed-in2out-slowpath,6,739.09
nat44-ed-in2out-slowpath,7,793.32
nat44-ed-in2out-slowpath,8,929.71
nat44-ed-in2out-slowpath,9,954.53
nat44-ed-in2out-slowpath,10,995.45
nat44-ed-in2out-slowpath,11,1010.0
nat44-ed-in2out-slowpath,12,1109.07
nat44-ed-in2out-slowpath,13,1203.5
nat44-ed-in2out-slowpath,14,1323.64
nat44-ed-in2out-slowpath,15,1418.18
nat44-ed-in2out-slowpath,16,1437.6
nat44-ed-in2out-slowpath,17,1493.91
nat44-ed-in2out-slowpath,18,1483.61
nat44-ed-in2out-slowpath,19,1577.6
nat44-ed-in2out-slowpath,20,1721.18
nat44-ed-in2out-slowpath,21,1781.85
nat44-ed-in2out-slowpath,22,1866.7
nat44-ed-in2out-slowpath,23,1805.19
nat44-ed-in2out-slowpath,24,2018.18
nat44-ed-in2out-slowpath,25,2079.55
nat44-ed-in2out-slowpath,26,2076.1
nat44-ed-in2out-slowpath,27,2147.73
nat44-ed-in2out-slowpath,28,2261.25
nat44-ed-in2out-slowpath,29,2355.2
nat44-ed-in2out-slowpath,30,2427.27
nat44-ed-in2out-slowpath,31,2508.18
nat44-ed-in2out-slowpath,32,2681.16
nat44-ed-in2out-slowpath,33,2470.05
nat44-ed-in2out-slowpath,34,2591.26
nat44-ed-in2out-slowpath,35,2630.25
nat44-ed-in2out-slowpath,36,2645.51
nat44-ed-in2out-slowpath,37,2881.46
nat44-ed-in2out-slowpath,38,2884.55
nat44-ed-in2out-slowpath,39,3043.24
nat44-ed-in2out-slowpath,40,3139.45
nat44-ed-in2out-slowpath,41,3124.76
nat44-ed-in2out-slowpath,42,3029.15
nat44-ed-in2out-slowpath,43,3218.55
nat44-ed-in2out-slowpath,44,3406.6
nat44-ed-in2out-slowpath,45,3306.89
nat44-ed-in2out-slowpath,46,3352.35
nat44-ed-in2out-slowpath,47,3453.86
nat44-ed-in2out-slowpath,48,3454.47
nat44-ed-in2out-slowpath,49,3793.71
nat44-ed-in2out-slowpath,50,3856.14
nat44-ed-in2out-slowpath,51,3778.64
nat44-ed-in2out-slowpath,52,3970.91
nat44-ed-in2out-slowpath,53,4111.6
nat44-ed-in2out-slowpath,54,4140.08
nat44-ed-in2out-slowpath,55,4075.0
nat44-ed-in2out-slowpath,56,4174.55
nat44-ed-in2out-slowpath,57,4447.81
nat44-ed-in2out-slowpath,58,4297.27
nat44-ed-in2out-slowpath,59,4559.09
nat44-ed-in2out-slowpath,60,4372.64
nat44-ed-in2out-slowpath,61,4538.12
nat44-ed-in2out-slowpath,62,4687.48
nat44-ed-in2out-slowpath,63,4925.45
nat44-ed-in2out-slowpath,64,4761.31
nat44-ed-in2out-slowpath,65,4737.02
nat44-ed-in2out-slowpath,66,4980.0
nat44-ed-in2out-slowpath,67,4903.18
nat44-ed-in2out-slowpath,68,4955.65
nat44-ed-in2out-slowpath,69,4913.74
nat44-ed-in2out-slowpath,70,4984.95
nat44-ed-in2out-slowpath,71,5002.27
nat44-ed-in2out-slowpath,72,5236.36
nat44-ed-in2out-slowpath,73,5076.82
nat44-ed-in2out-slowpath,74,5673.45
nat44-ed-in2out-slowpath,75,5329.43
nat44-ed-in2out-slowpath,76,5481.33
nat44-ed-in2out-slowpath,77,5623.45
nat44-ed-in2out-slowpath,78,5719.88
nat44-ed-in2out-slowpath,79,5960.91
nat44-ed-in2out-slowpath,80,5309.09
nat44-ed-in2out-slowpath,81,5915.58
nat44-ed-in2out-slowpath,82,5889.09
nat44-ed-in2out-slowpath,83,6074.09
nat44-ed-in2out-slowpath,84,6007.15
nat44-ed-in2out-slowpath,85,6246.34
nat44-ed-in2out-slowpath,86,6332.73
nat44-ed-in2out-slowpath,87,6617.14
nat44-ed-in2out-slowpath,88,6333.2
nat44-ed-in2out-slowpath,89,6594.09
nat44-ed-in2out-slowpath,90,6518.05
nat44-ed-in2out-slowpath,91,6604.53
nat44-ed-in2out-slowpath,92,6802.56
nat44-ed-in2out-slowpath,93,6777.59
nat44-ed-in2out-slowpath,94,6750.91
nat44-ed-in2out-slowpath,95,6836.98
nat44-ed-in2out-slowpath,96,7127.13
nat44-ed-in2out-slowpath,97,7157.28
nat44-ed-in2out-slowpath,98,7231.06
nat44-ed-in2out-slowpath,99,7529.85
nat44-ed-in2out-slowpath,100,7151.36
nat44-ed-in2out-slowpath,101,7773.79
nat44-ed-in2out-slowpath,102,7696.36
nat44-ed-in2out-slowpath,103,7818.64
nat44-ed-in2out-slowpath,104,7390.15
nat44-ed-in2out-slowpath,105,7731.82
nat44-ed-in2out-slowpath,106,7741.37
nat44-ed-in2out-slowpath,107,7765.77
nat44-ed-in2out-slowpath,108,7952.73
nat44-ed-in2out-slowpath,109,7960.47
nat44-ed-in2out-slowpath,110,7666.5
nat44-ed-in2out-slowpath,111,7988.47
nat44-ed-in2out-slowpath,112,8145.45
nat44-ed-in2out-slowpath,113,8731.82
nat44-ed-in2out-slowpath,114,8757.27
nat44-ed-in2out-slowpath,115,8485.43
nat44-ed-in2out-slowpath,116,8577.15
nat44-ed-in2out-slowpath,117,8987.73
nat44-ed-in2out-slowpath,118,8903.64
nat44-ed-in2out-slowpath,119,8925.0
nat44-ed-in2out-slowpath,120,8654.73
nat44-ed-in2out-slowpath,121,9111.85
nat44-ed-in2out-slowpath,122,9094.55
nat44-ed-in2out-slowpath,123,9131.63
nat44-ed-in2out-slowpath,124,8849.09
nat44-ed-in2out-slowpath,125,9621.02
nat44-ed-in2out-slowpath,126,9468.9
nat44-ed-in2out-slowpath,127,9563.68
nat44-ed-in2out-slowpath,128,9541.82
nat44-ed-in2out-slowpath,129,9792.27
nat44-ed-in2out-slowpath,130,9316.86
nat44-ed-in2out-slowpath,131,9765.45
nat44-ed-in2out-slowpath,132,10159.8
nat44-ed-in2out-slowpath,133,9430.91
nat44-ed-in2out-slowpath,134,10070.1
nat44-ed-in2out-slowpath,135,10370.45
nat44-ed-in2out-slowpath,136,10055.96
nat44-ed-in2out-slowpath,137,10025.91
nat44-ed-in2out-slowpath,138,10433.43
nat44-ed-in2out-slowpath,139,10572.21
nat44-ed-in2out-slowpath,140,10754.55
nat44-ed-in2out-slowpath,141,10297.49
nat44-ed-in2out-slowpath,142,10435.06
nat44-ed-in2out-slowpath,143,10703.55
nat44-ed-in2out-slowpath,144,10407.27
nat44-ed-in2out-slowpath,145,10896.75
nat44-ed-in2out-slowpath,146,10618.18
nat44-ed-in2out-slowpath,147,10557.27
nat44-ed-in2out-slowpath,148,10629.09
nat44-ed-in2out-slowpath,149,11084.92
nat44-ed-in2out-slowpath,150,11227.5
nat44-ed-in2out-slowpath,151,11073.1
nat44-ed-in2out-slowpath,152,10847.27
nat44-ed-in2out-slowpath,153,11544.55
nat44-ed-in2out-slowpath,154,11316.9
nat44-ed-in2out-slowpath,155,11061.36
nat44-ed-in2out-slowpath,156,11534.78
nat44-ed-in2out-slowpath,157,11013.55
nat44-ed-in2out-slowpath,158,11179.94
nat44-ed-in2out-slowpath,159,11395.24
nat44-ed-in2out-slowpath,160,11369.45
nat44-ed-in2out-slowpath,161,10953.12
nat44-ed-in2out-slowpath,162,11781.82
nat44-ed-in2out-slowpath,163,12002.73
nat44-ed-in2out-slowpath,164,12150.91
nat44-ed-in2out-slowpath,165,11450.25
nat44-ed-in2out-slowpath,166,11846.36
nat44-ed-in2out-slowpath,167,12018.69
nat44-ed-in2out-slowpath,168,12625.2
nat44-ed-in2out-slowpath,169,12546.71
nat44-ed-in2out-slowpath,170,11848.23
nat44-ed-in2out-slowpath,171,12643.9
nat44-ed-in2out-slowpath,172,13369.09
nat44-ed-in2out-slowpath,173,12634.5
nat44-ed-in2out-slowpath,174,12496.36
nat44-ed-in2out-slowpath,175,12860.11
nat44-ed-in2out-slowpath,176,12640.0
nat44-ed-in2out-slowpath,177,13007.09
nat44-ed-in2out-slowpath,178,12810.34
nat44-ed-in2out-slowpath,179,13072.7
nat44-ed-in2out-slowpath,180,13663.64
nat44-ed-in2out-slowpath,181,13383.3
nat44-ed-in2out-slowpath,182,12905.45
nat44-ed-in2out-slowpath,183,13502.9
nat44-ed-in2out-slowpath,184,13354.22
nat44-ed-in2out-slowpath,185,13594.98
nat44-ed-in2out-slowpath,186,12766.36
nat44-ed-in2out-slowpath,187,13118.05
nat44-ed-in2out-slowpath,188,13501.82
nat44-ed-in2out-slowpath,189,13601.99
nat44-ed-in2out-slowpath,190,13876.05
nat44-ed-in2out-slowpath,191,13804.09
nat44-ed-in2out-slowpath,192,14079.71
nat44-ed-in2out-slowpath,193,14095.14
nat44-ed-in2out-slowpath,194,13961.83
nat44-ed-in2out-slowpath,195,13118.18
nat44-ed-in2out-slowpath,196,13927.58
nat44-ed-in2out-slowpath,197,14297.72
nat44-ed-in2out-slowpath,198,14249.7
nat44-ed-in2out-slowpath,199,14502.58
nat44-ed-in2out-slowpath,200,13909.09
nat44-ed-in2out-slowpath,201,14282.88
nat44-ed-in2out-slowpath,202,14813.03
nat44-ed-in2out-slowpath,203,14948.18
nat44-ed-in2out-slowpath,204,15083.95
nat44-ed-in2out-slowpath,205,15747.73
nat44-ed-in2out-slowpath,206,14794.55
nat44-ed-in2out-slowpath,207,15273.78
nat44-ed-in2out-slowpath,208,15347.56
nat44-ed-in2out-slowpath,209,15453.65
nat44-ed-in2out-slowpath,210,15208.77
nat44-ed-in2out-slowpath,211,15601.53
nat44-ed-in2out-slowpath,212,15675.47
nat44-ed-in2out-slowpath,213,15975.0
nat44-ed-in2out-slowpath,214,15336.99
nat44-ed-in2out-slowpath,215,15897.3
nat44-ed-in2out-slowpath,216,15283.96
nat44-ed-in2out-slowpath,217,15584.55
nat44-ed-in2out-slowpath,218,15094.52
nat44-ed-in2out-slowpath,219,15794.88
nat44-ed-in2out-slowpath,220,15767.0
nat44-ed-in2out-slowpath,221,16407.24
nat44-ed-in2out-slowpath,222,16380.57
nat44-ed-in2out-slowpath,223,15305.91
nat44-ed-in2out-slowpath,224,15951.85
nat44-ed-in2out-slowpath,225,16499.66
nat44-ed-in2out-slowpath,226,16402.46
nat44-ed-in2out-slowpath,227,15786.82
nat44-ed-in2out-slowpath,228,16892.73
nat44-ed-in2out-slowpath,229,16654.55
nat44-ed-in2out-slowpath,230,16343.59
nat44-ed-in2out-slowpath,231,17185.35
nat44-ed-in2out-slowpath,232,17083.64
nat44-ed-in2out-slowpath,233,16980.4
nat44-ed-in2out-slowpath,234,16876.72
nat44-ed-in2out-slowpath,235,16842.02
nat44-ed-in2out-slowpath,236,17306.31
nat44-ed-in2out-slowpath,237,18456.91
nat44-ed-in2out-slowpath,238,17236.61
nat44-ed-in2out-slowpath,239,18069.49
nat44-ed-in2out-slowpath,240,17236.36
nat44-ed-in2out-slowpath,241,17672.97
nat44-ed-in2out-slowpath,242,17490.0
nat44-ed-in2out-slowpath,243,18335.45
nat44-ed-in2out-slowpath,244,18410.91
nat44-ed-in2out-slowpath,245,18745.84
nat44-ed-in2out-slowpath,246,18673.64
nat44-ed-in2out-slowpath,247,18225.23
nat44-ed-in2out-slowpath,248,18637.2
nat44-ed-in2out-slowpath,249,18411.29
nat44-ed-in2out-slowpath,250,18181.82
nat44-ed-in2out-slowpath,251,17835.83
nat44-ed-in2out-slowpath,252,18098.18
nat44-ed-in2out-slowpath,253,17787.05
nat44-ed-in2out-slowpath,254,19050.0
nat44-ed-in2out-slowpath,255,19163.25
nat44-ed-in2out-slowpath,256,17687.27
tap0-output,1,320.3
tap0-output,2,345.15
tap0-output,3,326.82
tap0-output,4,390.31
tap0-output,5,375.75
tap0-output,6,409.09
tap0-output,7,405.14
tap0-output,8,430.29
tap0-output,9,430.9
tap0-output,10,438.5
tap0-output,11,456.5
tap0-output,12,485.29
tap0-output,13,487.32
tap0-output,14,482.36
tap0-output,15,540.48
tap0-output,16,552.0
tap0-output,17,532.18
tap0-output,18,546.55
tap0-output,19,549.01
tap0-output,20,606.64
tap0-output,21,602.99
tap0-output,22,577.7
tap0-output,23,573.64
tap0-output,24,601.42
tap0-output,25,668.52
tap0-output,26,620.81
tap0-output,27,636.95
tap0-output,28,646.55
tap0-output,29,691.65
tap0-output,30,704.05
tap0-output,31,689.05
tap0-output,32,676.8
tap0-output,33,685.95
tap0-output,34,718.17
tap0-output,35,693.64
tap0-output,36,729.82
tap0-output,37,781.54
tap0-output,38,773.3
tap0-output,39,765.82
tap0-output,40,794.55
tap0-output,41,788.88
tap0-output,42,832.36
tap0-output,43,896.55
tap0-output,44,860.0
tap0-output,45,890.39
tap0-output,46,874.0
tap0-output,47,894.5
tap0-output,48,927.27
tap0-output,49,976.21
tap0-output,50,926.59
tap0-output,51,972.01
tap0-output,52,978.55
tap0-output,53,956.41
tap0-output,54,1046.37
tap0-output,55,1015.75
tap0-output,56,1036.76
tap0-output,57,978.59
tap0-output,58,1022.91
tap0-output,59,1084.26
tap0-output,60,1017.27
tap0-output,61,1093.29
tap0-output,62,1044.7
tap0-output,63,1089.04
tap0-output,64,1130.76
tap0-output,65,1099.98
tap0-output,66,1146.0
tap0-output,67,1055.86
tap0-output,68,1102.53
tap0-output,69,1151.99
tap0-output,70,1170.91
tap0-output,71,1183.44
tap0-output,72,1280.62
tap0-output,73,1137.14
tap0-output,74,1163.82
tap0-output,75,1210.23
tap0-output,76,1204.6
tap0-output,77,1239.0
tap0-output,78,1264.66
tap0-output,79,1278.36
tap0-output,80,1272.73
tap0-output,81,1219.79
tap0-output,82,1252.36
tap0-output,83,1338.19
tap0-output,84,1306.96
tap0-output,85,1327.93
tap0-output,86,1376.0
tap0-output,87,1371.04
tap0-output,88,1348.0
tap0-output,89,1419.95
tap0-output,90,1395.0
tap0-output,91,1340.18
tap0-output,92,1434.36
tap0-output,93,1421.63
tap0-output,94,1357.45
tap0-output,95,1351.59
tap0-output,96,1377.6
tap0-output,97,1490.27
tap0-output,98,1407.64
tap0-output,99,1551.15
tap0-output,100,1421.36
tap0-output,101,1554.94
tap0-output,102,1563.85
tap0-output,103,1573.09
tap0-output,104,1569.45
tap0-output,105,1688.11
tap0-output,106,1631.92
tap0-output,107,1593.81
tap0-output,108,1577.29
tap0-output,109,1615.18
tap0-output,110,1588.5
tap0-output,111,1555.51
tap0-output,112,1564.44
tap0-output,113,1653.91
tap0-output,114,1708.45
tap0-output,115,1692.07
tap0-output,116,1682.0
tap0-output,117,1668.31
tap0-output,118,1677.21
tap0-output,119,1682.23
tap0-output,120,1810.91
tap0-output,121,1611.5
tap0-output,122,1774.55
tap0-output,123,1706.9
tap0-output,124,1803.64
tap0-output,125,1704.55
tap0-output,126,1809.82
tap0-output,127,1820.14
tap0-output,128,1813.53
tap0-output,129,1825.35
tap0-output,130,1851.32
tap0-output,131,1897.71
tap0-output,132,1890.0
tap0-output,133,1845.68
tap0-output,134,1916.81
tap0-output,135,1828.64
tap0-output,136,1885.45
tap0-output,137,1787.23
tap0-output,138,1906.91
tap0-output,139,1906.2
tap0-output,140,2025.55
tap0-output,141,1980.41
tap0-output,142,2028.66
tap0-output,143,1922.05
tap0-output,144,1957.09
tap0-output,145,2166.43
tap0-output,146,2055.28
tap0-output,147,1944.41
tap0-output,148,2009.44
tap0-output,149,2135.44
tap0-output,150,2140.91
tap0-output,151,2155.18
tap0-output,152,2107.27
tap0-output,153,2137.13
tap0-output,154,2174.9
tap0-output,155,2038.25
tap0-output,156,2086.85
tap0-output,157,2143.05
tap0-output,158,2051.85
tap0-output,159,2158.79
tap0-output,160,2296.0
tap0-output,161,2278.15
tap0-output,162,2221.61
tap0-output,163,2202.72
tap0-output,164,2266.18
tap0-output,165,2229.75
tap0-output,166,2258.35
tap0-output,167,2282.59
tap0-output,168,2323.75
tap0-output,169,2197.0
tap0-output,170,2274.14
tap0-output,171,2407.21
tap0-output,172,2402.53
tap0-output,173,2348.87
tap0-output,174,2346.63
tap0-output,175,2428.52
tap0-output,176,2392.0
tap0-output,177,2338.81
tap0-output,178,2257.36
tap0-output,179,2492.17
tap0-output,180,2476.64
tap0-output,181,2402.36
tap0-output,182,2509.12
tap0-output,183,2451.37
tap0-output,184,2314.22
tap0-output,185,2590.0
tap0-output,186,2527.91
tap0-output,187,2550.0
tap0-output,188,2503.82
tap0-output,189,2605.62
tap0-output,190,2679.86
tap0-output,191,2665.32
tap0-output,192,2472.44
tap0-output,193,2587.95
tap0-output,194,2471.74
tap0-output,195,2635.16
tap0-output,196,2613.04
tap0-output,197,2599.5
tap0-output,198,2565.0
tap0-output,199,2584.29
tap0-output,200,2533.64
tap0-output,201,2823.14
tap0-output,202,2825.25
tap0-output,203,2765.41
tap0-output,204,2967.27
tap0-output,205,2720.91
tap0-output,206,2865.27
tap0-output,207,2725.81
tap0-output,208,2763.56
tap0-output,209,2586.85
tap0-output,210,2679.41
tap0-output,211,2822.6
tap0-output,212,2797.44
tap0-output,213,2917.13
tap0-output,214,2901.65
tap0-output,215,2919.11
tap0-output,216,2909.13
tap0-output,217,2732.23
tap0-output,218,2705.18
tap0-output,219,2794.24
tap0-output,220,3013.0
tap0-output,221,2943.32
tap0-output,222,2782.06
tap0-output,223,2790.54
tap0-output,224,2898.76
tap0-output,225,2925.0
tap0-output,226,2958.55
tap0-output,227,3002.59
tap0-output,228,2790.93
tap0-output,229,3070.68
tap0-output,230,2945.05
tap0-output,231,2887.5
tap0-output,232,2984.36
tap0-output,233,3025.82
tap0-output,234,3049.45
tap0-output,235,3115.89
tap0-output,236,3014.36
tap0-output,237,2847.23
tap0-output,238,3029.09
tap0-output,239,3142.85
tap0-output,240,3232.36
tap0-output,241,3001.55
tap0-output,242,3138.3
tap0-output,243,3177.78
tap0-output,244,3024.49
tap0-output,245,3277.43
tap0-output,246,3178.99
tap0-output,247,3012.28
tap0-output,248,3096.62
tap0-output,249,3135.14
tap0-output,250,3360.23
tap0-output,251,3346.29
tap0-output,252,3077.84
tap0-output,253,3257.95
tap0-output,254,3163.45
tap0-output,255,3318.48
tap0-output,256,3389.67
ip4-receive,1,327.73
ip4-receive,2,359.7
ip4-receive,3,388.19
ip4-receive,4,426.05
ip4-receive,5,438.64
ip4-receive,6,479.1
ip4-receive,7,509.09
ip4-receive,8,529.71
ip4-receive,9,559.1
ip4-receive,10,569.68
ip4-receive,11,580.0
ip4-receive,12,605.45
ip4-receive,13,634.22
ip4-receive,14,630.19
ip4-receive,15,672.27
ip4-receive,16,669.31
ip4-receive,17,685.95
ip4-receive,18,721.88
ip4-receive,19,715.7
ip4-receive,20,716.09
ip4-receive,21,750.56
ip4-receive,22,746.0
ip4-receive,23,770.81
ip4-receive,24,771.27
ip4-receive,25,828.07
ip4-receive,26,824.08
ip4-receive,27,821.41
ip4-receive,28,854.89
ip4-receive,29,859.06
ip4-receive,30,868.23
ip4-receive,31,892.94
ip4-receive,32,890.18
ip4-receive,33,931.95
ip4-receive,34,912.9
ip4-receive,35,958.2
ip4-receive,36,957.76
ip4-receive,37,959.81
ip4-receive,38,949.48
ip4-receive,39,989.18
ip4-receive,40,1014.0
ip4-receive,41,1019.97
ip4-receive,42,1032.25
ip4-receive,43,1064.64
ip4-receive,44,1078.6
ip4-receive,45,1065.07
ip4-receive,46,1150.63
ip4-receive,47,1141.46
ip4-receive,48,1162.91
ip4-receive,49,1182.01
ip4-receive,50,1132.5
ip4-receive,51,1168.36
ip4-receive,52,1185.84
ip4-receive,53,1196.6
ip4-receive,54,1181.37
ip4-receive,55,1209.25
ip4-receive,56,1232.0
ip4-receive,57,1252.19
ip4-receive,58,1234.61
ip4-receive,59,1288.08
ip4-receive,60,1301.73
ip4-receive,61,1294.03
ip4-receive,62,1254.94
ip4-receive,63,1362.23
ip4-receive,64,1279.13
ip4-receive,65,1346.39
ip4-receive,66,1350.0
ip4-receive,67,1389.64
ip4-receive,68,1345.47
ip4-receive,69,1358.99
ip4-receive,70,1409.55
ip4-receive,71,1400.64
ip4-receive,72,1408.25
ip4-receive,73,1494.18
ip4-receive,74,1421.81
ip4-receive,75,1473.75
ip4-receive,76,1451.95
ip4-receive,77,1475.95
ip4-receive,78,1459.66
ip4-receive,79,1526.14
ip4-receive,80,1478.91
ip4-receive,81,1536.42
ip4-receive,82,1550.55
ip4-receive,83,1598.5
ip4-receive,84,1549.04
ip4-receive,85,1586.8
ip4-receive,86,1632.83
ip4-receive,87,1583.0
ip4-receive,88,1608.0
ip4-receive,89,1596.74
ip4-receive,90,1626.95
ip4-receive,91,1645.03
ip4-receive,92,1675.65
ip4-receive,93,1676.96
ip4-receive,94,1673.63
ip4-receive,95,1665.52
ip4-receive,96,1691.78
ip4-receive,97,1716.46
ip4-receive,98,1750.64
ip4-receive,99,1735.65
ip4-receive,100,1801.36
ip4-receive,101,1790.45
ip4-receive,102,1883.75
ip4-receive,103,1789.86
ip4-receive,104,1793.05
ip4-receive,105,1866.14
ip4-receive,106,1806.82
ip4-receive,107,1924.54
ip4-receive,108,1881.65
ip4-receive,109,1886.2
ip4-receive,110,1975.0
ip4-receive,111,2053.5
ip4-receive,112,2051.64
ip4-receive,113,2020.13
ip4-receive,114,1955.1
ip4-receive,115,1975.91
ip4-receive,116,1978.85
ip4-receive,117,1987.4
ip4-receive,118,2038.18
ip4-receive,119,1995.95
ip4-receive,120,2040.0
ip4-receive,121,2069.65
ip4-receive,122,2011.34
ip4-receive,123,2051.86
ip4-receive,124,2042.05
ip4-receive,125,2219.89
ip4-receive,126,2115.08
ip4-receive,127,2114.55
ip4-receive,128,2088.73
ip4-receive,129,2093.32
ip4-receive,130,2056.36
ip4-receive,131,2197.23
ip4-receive,132,2125.8
ip4-receive,133,2141.9
ip4-receive,134,2188.46
ip4-receive,135,2209.09
ip4-receive,136,2171.67
ip4-receive,137,2246.18
ip4-receive,138,2214.27
ip4-receive,139,2241.06
ip4-receive,140,2241.91
ip4-receive,141,2273.3
ip4-receive,142,2224.88
ip4-receive,143,2281.5
ip4-receive,144,2258.18
ip4-receive,145,2352.95
ip4-receive,146,2344.63
ip4-receive,147,2545.77
ip4-receive,148,2282.56
ip4-receive,149,2348.1
ip4-receive,150,2354.32
ip4-receive,151,2404.33
ip4-receive,152,2344.25
ip4-receive,153,2392.36
ip4-receive,154,2373.0
ip4-receive,155,2379.25
ip4-receive,156,2363.4
ip4-receive,157,2407.1
ip4-receive,158,2439.66
ip4-receive,159,2440.65
ip4-receive,160,2416.73
ip4-receive,161,2456.71
ip4-receive,162,2486.7
ip4-receive,163,2568.73
ip4-receive,164,2495.04
ip4-receive,165,2502.75
ip4-receive,166,2535.27
ip4-receive,167,2550.55
ip4-receive,168,2588.73
ip4-receive,169,2627.18
ip4-receive,170,2640.41
ip4-receive,171,2699.47
ip4-receive,172,2658.18
ip4-receive,173,2624.1
ip4-receive,174,2720.73
ip4-receive,175,2889.89
ip4-receive,176,2746.4
ip4-receive,177,2912.45
ip4-receive,178,2716.12
ip4-receive,179,2711.85
ip4-receive,180,2749.09
ip4-receive,181,2737.21
ip4-receive,182,2730.0
ip4-receive,183,2794.91
ip4-receive,184,2866.22
ip4-receive,185,2764.07
ip4-receive,186,2798.45
ip4-receive,187,2773.55
ip4-receive,188,2757.62
ip4-receive,189,2798.06
ip4-receive,190,2746.36
ip4-receive,191,2882.36
ip4-receive,192,2812.8
ip4-receive,193,2845.0
ip4-receive,194,2810.35
ip4-receive,195,2895.75
ip4-receive,196,2892.78
ip4-receive,197,2928.14
ip4-receive,198,2846.7
ip4-receive,199,2966.91
ip4-receive,200,2866.36
ip4-receive,201,2920.9
ip4-receive,202,2901.45
ip4-receive,203,2992.4
ip4-receive,204,2964.49
ip4-receive,205,2981.82
ip4-receive,206,3031.01
ip4-receive,207,3008.09
ip4-receive,208,2975.35
ip4-receive,209,3042.85
ip4-receive,210,3057.41
ip4-receive,211,3056.62
ip4-receive,212,3131.82
ip4-receive,213,3013.95
ip4-receive,214,3115.65
ip4-receive,215,3195.68
ip4-receive,216,3144.76
ip4-receive,217,3176.09
ip4-receive,218,3134.25
ip4-receive,219,3132.7
ip4-receive,220,3150.0
ip4-receive,221,3254.73
ip4-receive,222,3484.39
ip4-receive,223,3196.0
ip4-receive,224,3248.0
ip4-receive,225,3198.07
ip4-receive,226,3269.81
ip4-receive,227,3294.6
ip4-receive,228,3326.73
ip4-receive,229,3583.85
ip4-receive,230,3269.14
ip4-receive,231,3300.15
ip4-receive,232,3293.35
ip4-receive,233,3332.96
ip4-receive,234,3424.91
ip4-receive,235,3393.61
ip4-receive,236,3464.91
ip4-receive,237,3390.18
ip4-receive,238,3454.25
ip4-receive,239,3595.86
ip4-receive,240,3592.36
ip4-receive,241,3611.71
ip4-receive,242,3567.3
ip4-receive,243,3493.68
ip4-receive,244,3423.76
ip4-receive,245,3466.75
ip4-receive,246,3507.74
ip4-receive,247,3637.64
ip4-receive,248,3584.73
ip4-receive,249,3516.56
ip4-receive,250,3556.82
ip4-receive,251,3551.65
ip4-receive,252,3501.65
ip4-receive,253,3676.55
ip4-receive,254,3651.83
ip4-receive,255,3612.89
ip4-receive,256,3494.4
ip4-load-balance,1,191.36
ip4-load-balance,2,199.09
ip4-load-balance,3,205.91
ip4-load-balance,4,214.55
ip4-load-balance,5,225.45
ip4-load-balance,6,239.73
ip4-load-balance,7,242.14
ip4-load-balance,8,257.45
ip4-load-balance,9,265.09
ip4-load-balance,10,272.27
ip4-load-balance,11,282.0
ip4-load-balance,12,292.36
ip4-load-balance,13,312.59
ip4-load-balance,14,309.27
ip4-load-balance,15,326.59
ip4-load-balance,16,328.73
ip4-load-balance,17,354.68
ip4-load-balance,18,347.73
ip4-load-balance,19,368.77
ip4-load-balance,20,375.45
ip4-load-balance,21,391.36
ip4-load-balance,22,390.0
ip4-load-balance,23,406.68
ip4-load-balance,24,410.18
ip4-load-balance,25,422.73
ip4-load-balance,26,434.91
ip4-load-balance,27,440.59
ip4-load-balance,28,449.27
ip4-load-balance,29,460.05
ip4-load-balance,30,467.73
ip4-load-balance,31,491.77
ip4-load-balance,32,478.55
ip4-load-balance,33,501.0
ip4-load-balance,34,511.55
ip4-load-balance,35,534.55
ip4-load-balance,36,520.36
ip4-load-balance,37,533.14
ip4-load-balance,38,545.82
ip4-load-balance,39,553.09
ip4-load-balance,40,556.36
ip4-load-balance,41,592.64
ip4-load-balance,42,580.36
ip4-load-balance,43,603.95
ip4-load-balance,44,594.0
ip4-load-balance,45,605.45
ip4-load-balance,46,627.27
ip4-load-balance,47,617.41
ip4-load-balance,48,624.0
ip4-load-balance,49,643.68
ip4-load-balance,50,652.27
ip4-load-balance,51,646.77
ip4-load-balance,52,647.64
ip4-load-balance,53,655.27
ip4-load-balance,54,670.09
ip4-load-balance,55,675.0
ip4-load-balance,56,684.73
ip4-load-balance,57,689.18
ip4-load-balance,58,696.0
ip4-load-balance,59,732.14
ip4-load-balance,60,711.82
ip4-load-balance,61,712.59
ip4-load-balance,62,727.09
ip4-load-balance,63,750.27
ip4-load-balance,64,695.27
ip4-load-balance,65,720.91
ip4-load-balance,66,705.0
ip4-load-balance,67,712.64
ip4-load-balance,68,732.55
ip4-load-balance,69,730.77
ip4-load-balance,70,735.0
ip4-load-balance,71,764.86
ip4-load-balance,72,772.36
ip4-load-balance,73,759.86
ip4-load-balance,74,787.09
ip4-load-balance,75,780.68
ip4-load-balance,76,791.09
ip4-load-balance,77,791.0
ip4-load-balance,78,801.27
ip4-load-balance,79,825.91
ip4-load-balance,80,810.91
ip4-load-balance,81,828.41
ip4-load-balance,82,834.91
ip4-load-balance,83,841.32
ip4-load-balance,84,847.64
ip4-load-balance,85,850.0
ip4-load-balance,86,871.73
ip4-load-balance,87,866.05
ip4-load-balance,88,872.0
ip4-load-balance,89,877.86
ip4-load-balance,90,883.64
ip4-load-balance,91,901.73
ip4-load-balance,92,920.0
ip4-load-balance,93,917.32
ip4-load-balance,94,922.91
ip4-load-balance,95,924.09
ip4-load-balance,96,938.18
ip4-load-balance,97,947.95
ip4-load-balance,98,948.82
ip4-load-balance,99,976.5
ip4-load-balance,100,972.73
ip4-load-balance,101,973.27
ip4-load-balance,102,973.64
ip4-load-balance,103,983.18
ip4-load-balance,104,992.73
ip4-load-balance,105,1002.27
ip4-load-balance,106,1016.64
ip4-load-balance,107,1035.95
ip4-load-balance,108,1021.09
ip4-load-balance,109,1025.59
ip4-load-balance,110,1060.0
ip4-load-balance,111,1049.45
ip4-load-balance,112,1064.0
ip4-load-balance,113,1063.23
ip4-load-balance,114,1083.0
ip4-load-balance,115,1071.59
ip4-load-balance,116,1117.82
ip4-load-balance,117,1095.55
ip4-load-balance,118,1104.91
ip4-load-balance,119,1135.91
ip4-load-balance,120,1112.73
ip4-load-balance,121,1094.5
ip4-load-balance,122,1114.64
ip4-load-balance,123,1118.18
ip4-load-balance,124,1121.64
ip4-load-balance,125,1170.45
ip4-load-balance,126,1145.45
ip4-load-balance,127,1166.09
ip4-load-balance,128,1134.55
ip4-load-balance,129,1131.68
ip4-load-balance,130,1140.45
ip4-load-balance,131,1202.82
ip4-load-balance,132,1146.0
ip4-load-balance,133,1154.68
ip4-load-balance,134,1169.45
ip4-load-balance,135,1184.32
ip4-load-balance,136,1230.18
ip4-load-balance,137,1189.41
ip4-load-balance,138,1185.55
ip4-load-balance,139,1206.77
ip4-load-balance,140,1202.73
ip4-load-balance,141,1243.36
ip4-load-balance,142,1219.91
ip4-load-balance,143,1248.0
ip4-load-balance,144,1224.0
ip4-load-balance,145,1291.82
ip4-load-balance,146,1267.55
ip4-load-balance,147,1256.18
ip4-load-balance,148,1298.36
ip4-load-balance,149,1266.5
ip4-load-balance,150,1275.0
ip4-load-balance,151,1276.64
ip4-load-balance,152,1285.09
ip4-load-balance,153,1335.27
ip4-load-balance,154,1323.0
ip4-load-balance,155,1331.59
ip4-load-balance,156,1354.36
ip4-load-balance,157,1327.36
ip4-load-balance,158,1335.82
ip4-load-balance,159,1344.27
ip4-load-balance,160,1345.45
ip4-load-balance,161,1368.5
ip4-load-balance,162,1384.36
ip4-load-balance,163,1370.68
ip4-load-balance,164,1394.0
ip4-load-balance,165,1410.0
ip4-load-balance,166,1403.45
ip4-load-balance,167,1411.91
ip4-load-balance,168,1443.27
ip4-load-balance,169,1428.82
ip4-load-balance,170,1460.45
ip4-load-balance,171,1476.82
ip4-load-balance,172,1438.55
ip4-load-balance,173,1454.77
ip4-load-balance,174,1455.27
ip4-load-balance,175,1503.41
ip4-load-balance,176,1472.0
ip4-load-balance,177,1472.32
ip4-load-balance,178,1545.36
ip4-load-balance,179,1578.45
ip4-load-balance,180,1554.55
ip4-load-balance,181,1563.18
ip4-load-balance,182,1563.55
ip4-load-balance,183,1580.45
ip4-load-balance,184,1580.73
ip4-load-balance,185,1580.91
ip4-load-balance,186,1597.91
ip4-load-balance,187,1598.0
ip4-load-balance,188,1563.82
ip4-load-balance,189,1606.5
ip4-load-balance,190,1554.55
ip4-load-balance,191,1588.77
ip4-load-balance,192,1597.09
ip4-load-balance,193,1596.64
ip4-load-balance,194,1596.09
ip4-load-balance,195,1577.73
ip4-load-balance,196,1585.82
ip4-load-balance,197,1602.86
ip4-load-balance,198,1584.0
ip4-load-balance,199,1592.0
ip4-load-balance,200,1618.18
ip4-load-balance,201,1608.0
ip4-load-balance,202,1606.82
ip4-load-balance,203,1633.23
ip4-load-balance,204,1641.27
ip4-load-balance,205,1612.05
ip4-load-balance,206,1638.64
ip4-load-balance,207,1684.23
ip4-load-balance,208,1664.0
ip4-load-balance,209,1672.0
ip4-load-balance,210,1670.45
ip4-load-balance,211,1659.23
ip4-load-balance,212,1715.27
ip4-load-balance,213,1684.64
ip4-load-balance,214,1702.27
ip4-load-balance,215,1690.68
ip4-load-balance,216,1728.0
ip4-load-balance,217,1716.27
ip4-load-balance,218,1793.55
ip4-load-balance,219,1712.18
ip4-load-balance,220,1760.0
ip4-load-balance,221,1737.86
ip4-load-balance,222,1745.73
ip4-load-balance,223,1773.86
ip4-load-balance,224,1771.64
ip4-load-balance,225,1892.05
ip4-load-balance,226,1818.27
ip4-load-balance,227,1795.36
ip4-load-balance,228,1803.27
ip4-load-balance,229,1811.18
ip4-load-balance,230,1798.18
ip4-load-balance,231,1785.0
ip4-load-balance,232,1813.82
ip4-load-balance,233,1874.59
ip4-load-balance,234,1850.73
ip4-load-balance,235,1815.91
ip4-load-balance,236,1888.0
ip4-load-balance,237,1820.59
ip4-load-balance,238,1904.0
ip4-load-balance,239,1868.55
ip4-load-balance,240,1920.0
ip4-load-balance,241,1873.23
ip4-load-balance,242,1903.0
ip4-load-balance,243,1955.05
ip4-load-balance,244,1918.73
ip4-load-balance,245,1893.18
ip4-load-balance,246,1900.91
ip4-load-balance,247,1919.86
ip4-load-balance,248,1927.64
ip4-load-balance,249,1912.77
ip4-load-balance,250,1943.18
ip4-load-balance,251,1928.14
ip4-load-balance,252,1958.73
ip4-load-balance,253,1943.5
ip4-load-balance,254,1939.64
ip4-load-balance,255,1970.45
ip4-load-balance,256,1966.55
ip4-icmp-input,1,233.49
ip4-icmp-input,2,180.91
ip4-icmp-input,3,250.23
ip4-icmp-input,4,198.18
ip4-icmp-input,5,269.73
ip4-icmp-input,6,208.36
ip4-icmp-input,7,288.27
ip4-icmp-input,8,232.36
ip4-icmp-input,9,315.41
ip4-icmp-input,10,238.18
ip4-icmp-input,11,343.1
ip4-icmp-input,12,258.0
ip4-icmp-input,13,359.1
ip4-icmp-input,14,270.45
ip4-icmp-input,15,372.27
ip4-icmp-input,16,288.73
ip4-icmp-input,17,400.12
ip4-icmp-input,18,311.73
ip4-icmp-input,19,406.51
ip4-icmp-input,20,319.09
ip4-icmp-input,21,427.16
ip4-icmp-input,22,334.0
ip4-icmp-input,23,465.02
ip4-icmp-input,24,358.91
ip4-icmp-input,25,464.43
ip4-icmp-input,26,374.64
ip4-icmp-input,27,487.84
ip4-icmp-input,28,383.09
ip4-icmp-input,29,503.28
ip4-icmp-input,30,407.73
ip4-icmp-input,31,523.2
ip4-icmp-input,32,434.91
ip4-icmp-input,33,559.2
ip4-icmp-input,34,438.91
ip4-icmp-input,35,584.34
ip4-icmp-input,36,450.0
ip4-icmp-input,37,602.09
ip4-icmp-input,38,471.55
ip4-icmp-input,39,641.73
ip4-icmp-input,40,483.64
ip4-icmp-input,41,665.88
ip4-icmp-input,42,507.82
ip4-icmp-input,43,705.2
ip4-icmp-input,44,524.0
ip4-icmp-input,45,738.82
ip4-icmp-input,46,552.0
ip4-icmp-input,47,770.8
ip4-icmp-input,48,541.09
ip4-icmp-input,49,807.83
ip4-icmp-input,50,556.82
ip4-icmp-input,51,838.72
ip4-icmp-input,52,574.36
ip4-icmp-input,53,871.61
ip4-icmp-input,54,584.18
ip4-icmp-input,55,887.5
ip4-icmp-input,56,598.18
ip4-icmp-input,57,914.59
ip4-icmp-input,58,611.64
ip4-icmp-input,59,968.67
ip4-icmp-input,60,651.82
ip4-icmp-input,61,996.24
ip4-icmp-input,62,651.0
ip4-icmp-input,63,1010.86
ip4-icmp-input,64,672.0
ip4-icmp-input,65,1068.66
ip4-icmp-input,66,672.0
ip4-icmp-input,67,1077.18
ip4-icmp-input,68,701.64
ip4-icmp-input,69,1115.6
ip4-icmp-input,70,712.73
ip4-icmp-input,71,1141.81
ip4-icmp-input,72,723.27
ip4-icmp-input,73,1179.61
ip4-icmp-input,74,733.27
ip4-icmp-input,75,1199.32
ip4-icmp-input,76,763.45
ip4-icmp-input,77,1227.45
ip4-icmp-input,78,780.0
ip4-icmp-input,79,1311.76
ip4-icmp-input,80,781.82
ip4-icmp-input,81,1280.17
ip4-icmp-input,82,790.18
ip4-icmp-input,83,1349.88
ip4-icmp-input,84,828.55
ip4-icmp-input,85,1366.95
ip4-icmp-input,86,840.45
ip4-icmp-input,87,1463.97
ip4-icmp-input,88,856.0
ip4-icmp-input,89,1473.35
ip4-icmp-input,90,867.27
ip4-icmp-input,91,1463.45
ip4-icmp-input,92,874.0
ip4-icmp-input,93,1482.93
ip4-icmp-input,94,888.73
ip4-icmp-input,95,1508.34
ip4-icmp-input,96,920.73
ip4-icmp-input,97,1554.2
ip4-icmp-input,98,913.18
ip4-icmp-input,99,1568.25
ip4-icmp-input,100,931.82
ip4-icmp-input,101,1605.9
ip4-icmp-input,102,955.09
ip4-icmp-input,103,1616.63
ip4-icmp-input,104,978.55
ip4-icmp-input,105,1678.57
ip4-icmp-input,106,992.55
ip4-icmp-input,107,1725.13
ip4-icmp-input,108,991.64
ip4-icmp-input,109,1748.95
ip4-icmp-input,110,995.0
ip4-icmp-input,111,1787.6
ip4-icmp-input,112,1013.09
ip4-icmp-input,113,1821.87
ip4-icmp-input,114,1057.09
ip4-icmp-input,115,1840.0
ip4-icmp-input,116,1107.27
ip4-icmp-input,117,1902.85
ip4-icmp-input,118,1121.0
ip4-icmp-input,119,1908.33
ip4-icmp-input,120,1129.09
ip4-icmp-input,121,1949.75
ip4-icmp-input,122,1153.45
ip4-icmp-input,123,1961.29
ip4-icmp-input,124,1110.36
ip4-icmp-input,125,1996.02
ip4-icmp-input,126,1145.45
ip4-icmp-input,127,2007.75
ip4-icmp-input,128,1169.45
ip4-icmp-input,129,2032.92
ip4-icmp-input,130,1164.09
ip4-icmp-input,131,2078.14
ip4-icmp-input,132,1170.0
ip4-icmp-input,133,2083.87
ip4-icmp-input,134,1181.64
ip4-icmp-input,135,2104.77
ip4-icmp-input,136,1186.91
ip4-icmp-input,137,2230.61
ip4-icmp-input,138,1210.64
ip4-icmp-input,139,2181.67
ip4-icmp-input,140,1228.18
ip4-icmp-input,141,2177.17
ip4-icmp-input,142,1310.27
ip4-icmp-input,143,2273.7
ip4-icmp-input,144,1296.0
ip4-icmp-input,145,2295.61
ip4-icmp-input,146,1280.82
ip4-icmp-input,147,2338.64
ip4-icmp-input,148,1352.18
ip4-icmp-input,149,2321.69
ip4-icmp-input,150,1302.27
ip4-icmp-input,151,2388.55
ip4-icmp-input,152,1312.73
ip4-icmp-input,153,2399.32
ip4-icmp-input,154,1330.0
ip4-icmp-input,155,2416.59
ip4-icmp-input,156,1375.64
ip4-icmp-input,157,2460.62
ip4-icmp-input,158,1350.18
ip4-icmp-input,159,2487.63
ip4-icmp-input,160,1381.82
ip4-icmp-input,161,2548.92
ip4-icmp-input,162,1413.82
ip4-icmp-input,163,2636.15
ip4-icmp-input,164,1416.36
ip4-icmp-input,165,2691.0
ip4-icmp-input,166,1433.64
ip4-icmp-input,167,2683.39
ip4-icmp-input,168,1527.27
ip4-icmp-input,169,2648.69
ip4-icmp-input,170,1483.64
ip4-icmp-input,171,2687.81
ip4-icmp-input,172,1469.82
ip4-icmp-input,173,2699.59
ip4-icmp-input,174,1479.0
ip4-icmp-input,175,2770.57
ip4-icmp-input,176,1496.0
ip4-icmp-input,177,3058.88
ip4-icmp-input,178,1496.82
ip4-icmp-input,179,2785.08
ip4-icmp-input,180,1513.64
ip4-icmp-input,181,2811.26
ip4-icmp-input,182,1547.0
ip4-icmp-input,183,2824.02
ip4-icmp-input,184,1555.64
ip4-icmp-input,185,2923.84
ip4-icmp-input,186,1589.45
ip4-icmp-input,187,2935.05
ip4-icmp-input,188,1589.45
ip4-icmp-input,189,2981.05
ip4-icmp-input,190,1606.36
ip4-icmp-input,191,2990.89
ip4-icmp-input,192,1640.73
ip4-icmp-input,193,3037.12
ip4-icmp-input,194,1604.91
ip4-icmp-input,195,3049.09
ip4-icmp-input,196,1630.36
ip4-icmp-input,197,3056.19
ip4-icmp-input,198,1665.0
ip4-icmp-input,199,3190.33
ip4-icmp-input,200,1681.82
ip4-icmp-input,201,3149.3
ip4-icmp-input,202,1689.45
ip4-icmp-input,203,3098.52
ip4-icmp-input,204,1678.36
ip4-icmp-input,205,3170.05
ip4-icmp-input,206,1751.0
ip4-icmp-input,207,3257.43
ip4-icmp-input,208,1758.55
ip4-icmp-input,209,3317.4
ip4-icmp-input,210,1756.36
ip4-icmp-input,211,3356.82
ip4-icmp-input,212,1782.73
ip4-icmp-input,213,3335.39
ip4-icmp-input,214,1809.27
ip4-icmp-input,215,3402.86
ip4-icmp-input,216,1777.09
ip4-icmp-input,217,3469.04
ip4-icmp-input,218,1793.55
ip4-icmp-input,219,3396.49
ip4-icmp-input,220,1850.0
ip4-icmp-input,221,3822.3
ip4-icmp-input,222,1876.91
ip4-icmp-input,223,3537.59
ip4-icmp-input,224,1863.27
ip4-icmp-input,225,3504.89
ip4-icmp-input,226,1869.64
ip4-icmp-input,227,3568.03
ip4-icmp-input,228,1886.18
ip4-icmp-input,229,3766.01
ip4-icmp-input,230,1860.91
ip4-icmp-input,231,3624.6
ip4-icmp-input,232,1940.36
ip4-icmp-input,233,3772.48
ip4-icmp-input,234,1925.18
ip4-icmp-input,235,3687.36
ip4-icmp-input,236,1930.91
ip4-icmp-input,237,3770.45
ip4-icmp-input,238,1990.55
ip4-icmp-input,239,3843.55
ip4-icmp-input,240,1952.73
ip4-icmp-input,241,3885.58
ip4-icmp-input,242,1969.0
ip4-icmp-input,243,4077.98
ip4-icmp-input,244,2007.45
ip4-icmp-input,245,3822.0
ip4-icmp-input,246,2068.64
ip4-icmp-input,247,3848.71
ip4-icmp-input,248,2029.09
ip4-icmp-input,249,3842.52
ip4-icmp-input,250,2056.82
ip4-icmp-input,251,3968.08
ip4-icmp-input,252,2061.82
ip4-icmp-input,253,3969.8
ip4-icmp-input,254,2055.09
ip4-icmp-input,255,3967.57
ip4-icmp-input,256,2071.27
ip4-icmp-echo-request,1,279.77
ip4-icmp-echo-request,2,204.55
ip4-icmp-echo-request,3,334.09
ip4-icmp-echo-request,4,243.64
ip4-icmp-echo-request,5,389.77
ip4-icmp-echo-request,6,278.18
ip4-icmp-echo-request,7,440.14
ip4-icmp-echo-request,8,312.36
ip4-icmp-echo-request,9,484.28
ip4-icmp-echo-request,10,354.09
ip4-icmp-echo-request,11,553.4
ip4-icmp-echo-request,12,397.09
ip4-icmp-echo-request,13,594.93
ip4-icmp-echo-request,14,431.45
ip4-icmp-echo-request,15,634.23
ip4-icmp-echo-request,16,463.27
ip4-icmp-echo-request,17,713.46
ip4-icmp-echo-request,18,522.82
ip4-icmp-echo-request,19,758.45
ip4-icmp-echo-request,20,557.27
ip4-icmp-echo-request,21,816.61
ip4-icmp-echo-request,22,596.0
ip4-icmp-echo-request,23,865.95
ip4-icmp-echo-request,24,637.09
ip4-icmp-echo-request,25,900.34
ip4-icmp-echo-request,26,680.73
ip4-icmp-echo-request,27,958.87
ip4-icmp-echo-request,28,720.36
ip4-icmp-echo-request,29,1010.39
ip4-icmp-echo-request,30,785.45
ip4-icmp-echo-request,31,1060.62
ip4-icmp-echo-request,32,834.91
ip4-icmp-echo-request,33,1133.7
ip4-icmp-echo-request,34,884.0
ip4-icmp-echo-request,35,1222.61
ip4-icmp-echo-request,36,937.64
ip4-icmp-echo-request,37,1267.75
ip4-icmp-echo-request,38,955.18
ip4-icmp-echo-request,39,1348.51
ip4-icmp-echo-request,40,1005.45
ip4-icmp-echo-request,41,1414.87
ip4-icmp-echo-request,42,1048.09
ip4-icmp-echo-request,43,1449.88
ip4-icmp-echo-request,44,1092.0
ip4-icmp-echo-request,45,1534.7
ip4-icmp-echo-request,46,1131.18
ip4-icmp-echo-request,47,1685.16
ip4-icmp-echo-request,48,1180.36
ip4-icmp-echo-request,49,1676.02
ip4-icmp-echo-request,50,1252.27
ip4-icmp-echo-request,51,1749.76
ip4-icmp-echo-request,52,1314.18
ip4-icmp-echo-request,53,1824.16
ip4-icmp-echo-request,54,1374.55
ip4-icmp-echo-request,55,1851.75
ip4-icmp-echo-request,56,1425.45
ip4-icmp-echo-request,57,1963.13
ip4-icmp-echo-request,58,1463.18
ip4-icmp-echo-request,59,1990.71
ip4-icmp-echo-request,60,1429.09
ip4-icmp-echo-request,61,2067.62
ip4-icmp-echo-request,62,1490.82
ip4-icmp-echo-request,63,2255.69
ip4-icmp-echo-request,64,1512.73
ip4-icmp-echo-request,65,2234.23
ip4-icmp-echo-request,66,1575.0
ip4-icmp-echo-request,67,2271.0
ip4-icmp-echo-request,68,1619.64
ip4-icmp-echo-request,69,2333.45
ip4-icmp-echo-request,70,1699.09
ip4-icmp-echo-request,71,2419.49
ip4-icmp-echo-request,72,1760.73
ip4-icmp-echo-request,73,2484.65
ip4-icmp-echo-request,74,1799.55
ip4-icmp-echo-request,75,2549.32
ip4-icmp-echo-request,76,1817.09
ip4-icmp-echo-request,77,2612.05
ip4-icmp-echo-request,78,1864.91
ip4-icmp-echo-request,79,2672.35
ip4-icmp-echo-request,80,1887.27
ip4-icmp-echo-request,81,2795.6
ip4-icmp-echo-request,82,1938.18
ip4-icmp-echo-request,83,2846.52
ip4-icmp-echo-request,84,1993.09
ip4-icmp-echo-request,85,2896.57
ip4-icmp-echo-request,86,2040.55
ip4-icmp-echo-request,87,2993.59
ip4-icmp-echo-request,88,2096.0
ip4-icmp-echo-request,89,3088.7
ip4-icmp-echo-request,90,2131.36
ip4-icmp-echo-request,91,3111.79
ip4-icmp-echo-request,92,2216.36
ip4-icmp-echo-request,93,3160.73
ip4-icmp-echo-request,94,2281.64
ip4-icmp-echo-request,95,3213.59
ip4-icmp-echo-request,96,2308.36
ip4-icmp-echo-request,97,3369.43
ip4-icmp-echo-request,98,2329.73
ip4-icmp-echo-request,99,3353.85
ip4-icmp-echo-request,100,2368.18
ip4-icmp-echo-request,101,3407.83
ip4-icmp-echo-request,102,2429.45
ip4-icmp-echo-request,103,3487.95
ip4-icmp-echo-request,104,2439.27
ip4-icmp-echo-request,105,3523.7
ip4-icmp-echo-request,106,2486.18
ip4-icmp-echo-request,107,3578.18
ip4-icmp-echo-request,108,2547.82
ip4-icmp-echo-request,109,3703.52
ip4-icmp-echo-request,110,2630.0
ip4-icmp-echo-request,111,3774.0
ip4-icmp-echo-request,112,2642.18
ip4-icmp-echo-request,113,3861.52
ip4-icmp-echo-request,114,2736.0
ip4-icmp-echo-request,115,3967.5
ip4-icmp-echo-request,116,2731.27
ip4-icmp-echo-request,117,4056.18
ip4-icmp-echo-request,118,2821.27
ip4-icmp-echo-request,119,4004.35
ip4-icmp-echo-request,120,2923.64
ip4-icmp-echo-request,121,4153.6
ip4-icmp-echo-request,122,2850.36
ip4-icmp-echo-request,123,4109.32
ip4-icmp-echo-request,124,2953.45
ip4-icmp-echo-request,125,4288.07
ip4-icmp-echo-request,126,2943.82
ip4-icmp-echo-request,127,4247.57
ip4-icmp-echo-request,128,3002.18
ip4-icmp-echo-request,129,4351.99
ip4-icmp-echo-request,130,3084.55
ip4-icmp-echo-request,131,4461.74
ip4-icmp-echo-request,132,3072.0
ip4-icmp-echo-request,133,4456.71
ip4-icmp-echo-request,134,3161.18
ip4-icmp-echo-request,135,4656.27
ip4-icmp-echo-request,136,3239.27
ip4-icmp-echo-request,137,4686.02
ip4-icmp-echo-request,138,3255.55
ip4-icmp-echo-request,139,4875.74
ip4-icmp-echo-request,140,3270.91
ip4-icmp-echo-request,141,5125.99
ip4-icmp-echo-request,142,3356.36
ip4-icmp-echo-request,143,4980.3
ip4-icmp-echo-request,144,3397.09
ip4-icmp-echo-request,145,4972.84
ip4-icmp-echo-request,146,3417.73
ip4-icmp-echo-request,147,4961.25
ip4-icmp-echo-request,148,3451.09
ip4-icmp-echo-request,149,5030.1
ip4-icmp-echo-request,150,3518.18
ip4-icmp-echo-request,151,5115.47
ip4-icmp-echo-request,152,3572.0
ip4-icmp-echo-request,153,5087.25
ip4-icmp-echo-request,154,3598.0
ip4-icmp-echo-request,155,5287.61
ip4-icmp-echo-request,156,3666.0
ip4-icmp-echo-request,157,5493.57
ip4-icmp-echo-request,158,3748.91
ip4-icmp-echo-request,159,5330.11
ip4-icmp-echo-request,160,3738.18
ip4-icmp-echo-request,161,5585.24
ip4-icmp-echo-request,162,3777.55
ip4-icmp-echo-request,163,5486.43
ip4-icmp-echo-request,164,3854.0
ip4-icmp-echo-request,165,5577.75
ip4-icmp-echo-request,166,3885.91
ip4-icmp-echo-request,167,5680.28
ip4-icmp-echo-request,168,3925.09
ip4-icmp-echo-request,169,5740.62
ip4-icmp-echo-request,170,3948.64
ip4-icmp-echo-request,171,5750.26
ip4-icmp-echo-request,172,3995.09
ip4-icmp-echo-request,173,5838.75
ip4-icmp-echo-request,174,4049.45
ip4-icmp-echo-request,175,5866.48
ip4-icmp-echo-request,176,4064.0
ip4-icmp-echo-request,177,6034.09
ip4-icmp-echo-request,178,4118.27
ip4-icmp-echo-request,179,6090.07
ip4-icmp-echo-request,180,4230.0
ip4-icmp-echo-request,181,6093.94
ip4-icmp-echo-request,182,4285.27
ip4-icmp-echo-request,183,6195.38
ip4-icmp-echo-request,184,4365.82
ip4-icmp-echo-request,185,6220.2
ip4-icmp-echo-request,186,4303.36
ip4-icmp-echo-request,187,6746.45
ip4-icmp-echo-request,188,4341.09
ip4-icmp-echo-request,189,6424.28
ip4-icmp-echo-request,190,4465.0
ip4-icmp-echo-request,191,6500.08
ip4-icmp-echo-request,192,4468.36
ip4-icmp-echo-request,193,6572.53
ip4-icmp-echo-request,194,4506.09
ip4-icmp-echo-request,195,6607.84
ip4-icmp-echo-request,196,4552.55
ip4-icmp-echo-request,197,6655.91
ip4-icmp-echo-request,198,4635.0
ip4-icmp-echo-request,199,6759.67
ip4-icmp-echo-request,200,4709.09
ip4-icmp-echo-request,201,6806.59
ip4-icmp-echo-request,202,4765.36
ip4-icmp-echo-request,203,7005.35
ip4-icmp-echo-request,204,4747.64
ip4-icmp-echo-request,205,7041.75
ip4-icmp-echo-request,206,4906.55
ip4-icmp-echo-request,207,7117.98
ip4-icmp-echo-request,208,4793.45
ip4-icmp-echo-request,209,7098.4
ip4-icmp-echo-request,210,4935.0
ip4-icmp-echo-request,211,7150.02
ip4-icmp-echo-request,212,4943.45
ip4-icmp-echo-request,213,7370.77
ip4-icmp-echo-request,214,5009.55
ip4-icmp-echo-request,215,7305.11
ip4-icmp-echo-request,216,4997.45
ip4-icmp-echo-request,217,7693.64
ip4-icmp-echo-request,218,5043.73
ip4-icmp-echo-request,219,7716.76
ip4-icmp-echo-request,220,5110.0
ip4-icmp-echo-request,221,7564.23
ip4-icmp-echo-request,222,5267.45
ip4-icmp-echo-request,223,7568.82
ip4-icmp-echo-request,224,5243.64
ip4-icmp-echo-request,225,7549.77
ip4-icmp-echo-request,226,5300.73
ip4-icmp-echo-request,227,8043.02
ip4-icmp-echo-request,228,5275.09
ip4-icmp-echo-request,229,7752.69
ip4-icmp-echo-request,230,5405.0
ip4-icmp-echo-request,231,7841.4
ip4-icmp-echo-request,232,5409.82
ip4-icmp-echo-request,233,7887.05
ip4-icmp-echo-request,234,5467.09
ip4-icmp-echo-request,235,7843.66
ip4-icmp-echo-request,236,5460.18
ip4-icmp-echo-request,237,7977.2
ip4-icmp-echo-request,238,5560.55
ip4-icmp-echo-request,239,8011.93
ip4-icmp-echo-request,240,5618.18
ip4-icmp-echo-request,241,8208.24
ip4-icmp-echo-request,242,5786.0
ip4-icmp-echo-request,243,8193.52
ip4-icmp-echo-request,244,5822.73
ip4-icmp-echo-request,245,8174.09
ip4-icmp-echo-request,246,5948.73
ip4-icmp-echo-request,247,8439.54
ip4-icmp-echo-request,248,5985.82
ip4-icmp-echo-request,249,8439.97
ip4-icmp-echo-request,250,5954.55
ip4-icmp-echo-request,251,8442.73
ip4-icmp-echo-request,252,5830.36
ip4-icmp-echo-request,253,8484.7
ip4-icmp-echo-request,254,5911.27
ip4-icmp-echo-request,255,9251.86
ip4-icmp-echo-request,256,5899.64
ip4-drop,1,192.12
ip4-drop,2,199.7
ip4-drop,3,207.72
ip4-drop,4,216.96
ip4-drop,5,225.98
ip4-drop,6,234.27
ip4-drop,7,243.09
ip4-drop,8,249.82
ip4-drop,9,254.86
ip4-drop,10,262.73
ip4-drop,11,271.5
ip4-drop,12,289.47
ip4-drop,13,294.69
ip4-drop,14,301.83
ip4-drop,15,310.91
ip4-drop,16,325.09
ip4-drop,17,329.18
ip4-drop,18,339.55
ip4-drop,19,344.33
ip4-drop,20,353.91
ip4-drop,21,362.06
ip4-drop,22,357.7
ip4-drop,23,372.91
ip4-drop,24,370.91
ip4-drop,25,444.66
ip4-drop,26,399.45
ip4-drop,27,408.31
ip4-drop,28,411.47
ip4-drop,29,417.47
ip4-drop,30,427.77
ip4-drop,31,431.18
ip4-drop,32,437.38
ip4-drop,33,439.5
ip4-drop,34,439.37
ip4-drop,35,443.86
ip4-drop,36,445.58
ip4-drop,37,448.54
ip4-drop,38,453.06
ip4-drop,39,460.91
ip4-drop,40,458.73
ip4-drop,41,461.62
ip4-drop,42,465.25
ip4-drop,43,470.46
ip4-drop,44,474.0
ip4-drop,45,480.07
ip4-drop,46,482.37
ip4-drop,47,482.82
ip4-drop,48,486.55
ip4-drop,49,491.56
ip4-drop,50,497.05
ip4-drop,51,496.79
ip4-drop,52,499.44
ip4-drop,53,504.22
ip4-drop,54,506.37
ip4-drop,55,506.75
ip4-drop,56,521.82
ip4-drop,57,513.78
ip4-drop,58,523.85
ip4-drop,59,525.64
ip4-drop,60,529.91
ip4-drop,61,528.76
ip4-drop,62,536.3
ip4-drop,63,536.36
ip4-drop,64,551.85
ip4-drop,65,668.61
ip4-drop,66,588.0
ip4-drop,67,556.4
ip4-drop,68,556.36
ip4-drop,69,552.94
ip4-drop,70,572.73
ip4-drop,71,561.55
ip4-drop,72,562.91
ip4-drop,73,564.09
ip4-drop,74,587.63
ip4-drop,75,594.2
ip4-drop,76,571.04
ip4-drop,77,600.95
ip4-drop,78,598.12
ip4-drop,79,607.94
ip4-drop,80,604.73
ip4-drop,81,603.82
ip4-drop,82,622.45
ip4-drop,83,610.05
ip4-drop,84,614.73
ip4-drop,85,625.91
ip4-drop,86,629.36
ip4-drop,87,620.86
ip4-drop,88,628.0
ip4-drop,89,627.05
ip4-drop,90,639.41
ip4-drop,91,627.49
ip4-drop,92,638.56
ip4-drop,93,648.04
ip4-drop,94,643.9
ip4-drop,95,646.43
ip4-drop,96,644.51
ip4-drop,97,643.73
ip4-drop,98,651.7
ip4-drop,99,657.0
ip4-drop,100,659.09
ip4-drop,101,659.71
ip4-drop,102,661.61
ip4-drop,103,666.22
ip4-drop,104,677.42
ip4-drop,105,669.61
ip4-drop,106,690.45
ip4-drop,107,677.5
ip4-drop,108,682.36
ip4-drop,109,693.64
ip4-drop,110,688.5
ip4-drop,111,707.88
ip4-drop,112,692.36
ip4-drop,113,700.09
ip4-drop,114,699.55
ip4-drop,115,722.93
ip4-drop,116,692.31
ip4-drop,117,707.32
ip4-drop,118,706.39
ip4-drop,119,715.62
ip4-drop,120,709.09
ip4-drop,121,720.5
ip4-drop,122,713.7
ip4-drop,123,721.23
ip4-drop,124,734.42
ip4-drop,125,755.68
ip4-drop,126,729.08
ip4-drop,127,744.68
ip4-drop,128,754.62
ip4-drop,129,760.51
ip4-drop,130,780.0
ip4-drop,131,746.1
ip4-drop,132,756.0
ip4-drop,133,747.82
ip4-drop,134,757.1
ip4-drop,135,765.2
ip4-drop,136,770.87
ip4-drop,137,770.31
ip4-drop,138,765.27
ip4-drop,139,772.71
ip4-drop,140,776.36
ip4-drop,141,781.91
ip4-drop,142,808.75
ip4-drop,143,784.55
ip4-drop,144,787.42
ip4-drop,145,790.91
ip4-drop,146,785.08
ip4-drop,147,795.14
ip4-drop,148,787.09
ip4-drop,149,792.41
ip4-drop,150,802.5
ip4-drop,151,811.97
ip4-drop,152,822.18
ip4-drop,153,818.55
ip4-drop,154,814.1
ip4-drop,155,810.23
ip4-drop,156,820.42
ip4-drop,157,820.68
ip4-drop,158,948.0
ip4-drop,159,850.65
ip4-drop,160,824.0
ip4-drop,161,843.79
ip4-drop,162,824.73
ip4-drop,163,832.04
ip4-drop,164,834.91
ip4-drop,165,822.75
ip4-drop,166,857.92
ip4-drop,167,835.0
ip4-drop,168,865.2
ip4-drop,169,821.95
ip4-drop,170,824.5
ip4-drop,171,831.68
ip4-drop,172,854.53
ip4-drop,173,896.45
ip4-drop,174,883.45
ip4-drop,175,880.57
ip4-drop,176,858.4
ip4-drop,177,890.63
ip4-drop,178,871.39
ip4-drop,179,870.59
ip4-drop,180,859.09
ip4-drop,181,891.01
ip4-drop,182,890.97
ip4-drop,183,884.22
ip4-drop,184,884.04
ip4-drop,185,868.66
ip4-drop,186,879.27
ip4-drop,187,892.5
ip4-drop,188,920.35
ip4-drop,189,925.24
ip4-drop,190,918.05
ip4-drop,191,911.59
ip4-drop,192,916.36
ip4-drop,193,929.91
ip4-drop,194,923.26
ip4-drop,195,930.68
ip4-drop,196,926.55
ip4-drop,197,946.5
ip4-drop,198,927.0
ip4-drop,199,947.06
ip4-drop,200,924.55
ip4-drop,201,929.17
ip4-drop,202,952.15
ip4-drop,203,925.5
ip4-drop,204,952.31
ip4-drop,205,969.09
ip4-drop,206,955.09
ip4-drop,207,966.31
ip4-drop,208,964.36
ip4-drop,209,969.0
ip4-drop,210,957.41
ip4-drop,211,982.11
ip4-drop,212,970.38
ip4-drop,213,965.28
ip4-drop,214,977.59
ip4-drop,215,976.3
ip4-drop,216,971.02
ip4-drop,217,969.6
ip4-drop,218,997.85
ip4-drop,219,985.5
ip4-drop,220,992.0
ip4-drop,221,1014.59
ip4-drop,222,997.99
ip4-drop,223,1115.0
ip4-drop,224,982.55
ip4-drop,225,1007.39
ip4-drop,226,1004.67
ip4-drop,227,1010.15
ip4-drop,228,1001.13
ip4-drop,229,1002.4
ip4-drop,230,1014.09
ip4-drop,231,1026.9
ip4-drop,232,1039.78
ip4-drop,233,1025.2
ip4-drop,234,1035.98
ip4-drop,235,1031.86
ip4-drop,236,1053.42
ip4-drop,237,1052.5
ip4-drop,238,1049.36
ip4-drop,239,1058.12
ip4-drop,240,1058.18
ip4-drop,241,1072.45
ip4-drop,242,1078.0
ip4-drop,243,1057.05
ip4-drop,244,1177.85
ip4-drop,245,1052.39
ip4-drop,246,1070.1
ip4-drop,247,1082.31
ip4-drop,248,1086.69
ip4-drop,249,1203.12
ip4-drop,250,1093.18
ip4-drop,251,1097.55
ip4-drop,252,1100.78
ip4-drop,253,1093.65
ip4-drop,254,1096.82
ip4-drop,255,1101.14
ip4-drop,256,1105.45
